ABF1;ACS1
ABF1;ADH1
ABF1;ARO3
ABF1;BNA2
ABF1;CAR1
ABF1;CFD1
ABF1;COX6
ABF1;DFR1
ABF1;DSS4
ABF1;FIN1
ABF1;GPG1
ABF1;IPP1
ABF1;NHX1
ABF1;NIT3
ABF1;PUT4
ABF1;RNP1
ABF1;RPL2B
ABF1;RPP1A
ABF1;SEC72
ABF1;TDH3
ABF1;TFB1
ABF1;TRP3
ABF1;SYO1
ABF1;YDR476C
ABF1;YER188W
ABF1;YPR172W
ABF1;AME1
ABF1;BCP1
ABF1;BGL2
ABF1;CDC24
ABF1;CDS1
ABF1;CNB1
ABF1;CST6
ABF1;DAL81
ABF1;DSL1
ABF1;EBP2
ABF1;ECM25
ABF1;EDC1
ABF1;ERV25
ABF1;ERV46
ABF1;FES1
ABF1;FIP1
ABF1;GEP3
ABF1;GCN2
ABF1;GMH1
ABF1;GSP1
ABF1;HST1
ABF1;HUA1
ABF1;IME4
ABF1;IQG1
ABF1;KRE9
ABF1;LTV1
ABF1;MDM20
ABF1;MHR1
ABF1;MNN10
ABF1;MNN11
ABF1;MRPS18
ABF1;MRPS9
ABF1;MSN1
ABF1;NMD2
ABF1;NUP133
ABF1;NUP57
ABF1;NUP84
ABF1;PET112
ABF1;PEX3
ABF1;PHB2
ABF1;PRP4
ABF1;PTA1
ABF1;QCR9
ABF1;RBS1
ABF1;RFA2
ABF1;RPC25
ABF1;RPL4A
ABF1;RPN8
ABF1;RRP7
ABF1;RSM19
ABF1;SCS22
ABF1;SKY1
ABF1;SLA1
ABF1;SOF1
ABF1;SPP41
ABF1;SSZ1
ABF1;STI1
ABF1;SWI3
ABF1;TAF9
ABF1;TFG1
ABF1;TIF11
ABF1;SAM37
ABF1;TPM2
ABF1;TYS1
ABF1;UBP1
ABF1;UFD2
ABF1;UTP8
ABF1;VPS33
ABF1;MRPL16
ABF1;MOH1
ABF1;UBP14
ABF1;ECM33
ABF1;SEC18
ABF1;ALG1
ABF1;SSE2
ABF1;SSH1
ABF1;LDB16
ABF1;MRPL32
ABF1;AHC2
ABF1;GRX6
ABF1;YDL012C
ABF1;GPR1
ABF1;PHO2
ABF1;STE7
ABF1;NHP2
ABF1;MSS116
ABF1;RTN1
ABF1;LYS4
ABF1;DPP1
ABF1;SSF2
ABF1;FCF1
ABF1;YDR340W
ABF1;ESF1
ABF1;ATO3
ABF1;RPB7
ABF1;GPI17
ABF1;GUK1
ABF1;STP1
ABF1;GTT3
ABF1;RAD23
ABF1;SMX2
ABF1;LPD1
ABF1;EMP47
ABF1;MLC1
ABF1;RMD9
ABF1;RMR1
ABF1;YTA7
ABF1;WSC4
ABF1;YNG2
ABF1;DMA1
ABF1;MPC2
ABF1;NEO1
ABF1;MRPL8
ABF1;PRY1
ABF1;NTA1
ABF1;TDA4
ABF1;MET5
ABF1;CAP1
ABF1;LAC1
ABF1;PUT3
ABF1;MAE1
ABF1;FBA1
ABF1;MRP49
ABF1;YKT6
ABF1;SPT8
ABF1;ECM22
ABF1;CDC42
ABF1;HMG2
ABF1;TAF4
ABF1;AIP1
ABF1;VTI1
ABF1;LCB1
ABF1;PRC1
ABF1;NCE103
ABF1;IDH1
ABF1;NCS2
ABF1;PGA2
ABF1;NPR1
ABF1;SUI1
ABF1;GIS2
ABF1;PIK1
ABF1;SEC21
ABF1;VNX1
ABF1;KRE1
ABF1;TOM6
ABF1;SGT1
ABF1;RPO31
ABF1;GPN2
ABF1;MRPS16
ABF1;PMA2
ABF1;PET20
ABF1;ANT1
ABF1;SCD6
ABF1;ADH5
ABF1;SEC11
ABF1;GON7
ABF1;DFG10
ABF1;SMF2
ABF1;YJR115W
ABF1;MUP1
ABF1;SOD1
ABF1;NSL1
ABF1;YCH1
ABF1;PSK1
ABF1;SNA2
ABF1;HSP60
ABF1;SSC1
ABF1;ADE8
ABF1;YKR015C
ABF1;YPR063C
ABF1;LOT5
ABF1;HEL2
ABF1;RNH202
ABF1;DBP9
ABF1;RPL18B
ABF1;MRPL27
ABF1;YDR366C
ABF1;HIS5
ABF1;CYC1
ABF1;YJR087W
ABF1;GAP1
ABF1;ERP2
ABF1;YJL119C
ABF1;AAT2
ABF1;SHM2
ABF1;YDR034C-A
ABF1;YDR365W-B
ABF1;EFB1
ABF1;RPS29B
ABF1;CHO2
ABF1;YHR145C
ABF1;OYE2
ABF1;DCW1
ABF1;MED2
ABF1;HMS2
ABF1;YJR149W
ABF1;RPP0
ABF1;MCM2
ABF1;YGL109W
ABF1;SFH5
ABF1;MRPL38
ABF1;DIA1
ABF1;YDR157W
ABF1;API2
ABF1;YJR146W
ABF1;YNL146W
ABF1;YOL103W-B
ABF1;OPT1
ABF1;YKL169C
ABF1;COS1
ABF1;KES1
ABF1;YBR012W-B
ABF1;IPT1
ABF1;YDR442W
ABF1;TOG1
ABF1;BIR1
ABF1;YKR047W
ABF1;HAP1
ABF1;YMR050C
ABF1;YNL058C
ABF1;GCV3
ABF1;YBR197C
ABF1;RGT2
ABF1;CTA1
ABF1;NUG1
ABF1;EPT1
ABF1;RPE1
ABF1;CHA1
ABF1;PPH3
ABF1;DFM1
ABF1;PRM5
ABF1;YJR027W
ABF1;YJR029W
ABF1;WTM1
ABF1;BAT2
ABF1;PMI40
ABF1;TMA20
ABF1;YGR161W-B
ABF1;BIT61
ABF1;IGD1
ABF1;CSR1
ABF1;TIM18
ABF1;RPS14B
ABF1;STE3
ABF1;PRM4
ABF1;YCR085W
ABF1;PSP1
ABF1;ORM1
ABF1;YLR349W
ABF1;ADH3
ABF1;MDY2
ABF1;SSB1
ABF1;DOT6
ABF1;EDC2
ABF1;YER091C-A
ABF1;ROG1
ABF1;YGL114W
ABF1;RRT6
ABF1;CDC20
ABF1;MTM1
ABF1;GPP1
ABF1;YKL177W
ABF1;RPS26B
ABF1;YAR028W
ABF1;YJL067W
ABF1;COS6
ABF1;BNA5
ABF1;PEX10
ABF1;YJL068C
ABF1;SNZ3
ABF1;YKL030W
ABF1;ATG33
ABF1;YPQ1
ABF1;FMP33
ABF1;JEN1
ABF1;HMO1
ABF1;SNO3
ABF1;IRC18
ABF1;ASP1
ABF1;SKI6
ABF1;SRY1
ABF1;TAF14
ABF1;MET6
ABF1;VRG4
ABF1;ADH4
ABF1;NUP85
ABF1;TAH11
ABF1;BDH1
ABF1;TCP1
ABF1;HYP2
ABF1;ANP1
ABF1;YLR118C
ABF1;YER138W-A
ABF1;HXK2
ABF1;MIR1
ABF1;LEU4
ABF1;YPL257W-B
ABF1;BDH2
ABF1;PRM10
ABF1;RPA14
ABF1;VPS60
ABF1;YFL065C
ABF1;MID2
ABF1;YLR334C
ABF1;CPR5
ABF1;YDR365W-A
ABF1;NUP157
ABF1;KEL2
ABF1;TDH2
ABF1;ACP1
ABF1;RCF2
ABF1;GRH1
ABF1;RIB3
ABF1;VAB2
ABF1;COS4
ABF1;CCW14
ABF1;ALD5
ABF1;GVP36
ABF1;TIM23
ABF1;FAT3
ABF1;MRPL39
ABF1;ALF1
ABF1;CIS1
ABF1;RPS21A
ABF1;HNT1
ABF1;YOR268C
ABF1;SLD7
ABF1;RSB1
ABF1;YLF2
ABF1;YBL048W
ABF1;ISW2
ABF1;PHO85
ABF1;STF1
ABF1;SIS2
ABF1;FEX1
ABF1;IOC3
ABF1;UBA4
ABF1;PDS5
ABF1;SEA4
ABF1;RPS22B
ABF1;MGM1
ABF1;MRPL44
ABF1;REB1
ABF1;VPS63
ABF1;BIG1
ABF1;UBX2
ABF1;HRB1
ABF1;PRP45
ABF1;YJU3
ABF1;CDC7
ABF1;PIN3
ABF1;GIT1
ABF1;YGR035C
ABF1;RIB4
ABF1;TMA46
ABF1;SUM1
ABF1;CDC16
ABF1;GLO1
ABF1;MET4
ABF1;SET2
ABF1;ACB1
ABF1;FCF2
ABF1;ZRT2
ABF1;MHP1
ABF1;POL1
ABF1;RAD16
ABF1;YKL063C
ABF1;APT2
ABF1;FZO1
ABF1;TIF35
ACE2;AFG2
ACE2;AMN1
ACE2;BMH1
ACE2;BUD9
ACE2;CTS1
ACE2;DSE1
ACE2;DSE2
ACE2;DSE3
ACE2;EGT2
ACE2;FRS2
ACE2;GAT1
ACE2;HMS2
ACE2;LSM3
ACE2;MDJ2
ACE2;MRPL4
ACE2;RMI1
ACE2;NIS1
ACE2;NVJ1
ACE2;OXA1
ACE2;PMA1
ACE2;PRY3
ACE2;PST1
ACE2;RPS30A
ACE2;RSP5
ACE2;SCW11
ACE2;SER3
ACE2;SHE10
ACE2;SIC1
ACE2;SNA2
ACE2;UTH1
ACE2;WSC4
ACE2;MIT1
ACE2;YER079W
ACE2;YER152C
ACE2;IGD1
ACE2;MTC3
ACE2;YHB1
ACE2;YJR146W
ACE2;YKR040C
ACE2;ZWF1
ACE2;DSE4
ACE2;ICS2
ACE2;REG2
ACE2;WTM1
ACE2;MCM2
ACE2;IFA38
ACE2;OM14
ACE2;YDR010C
ACE2;SNQ2
ACE2;SBH1
ACE2;VID30
ACE2;OCA5
ACE2;MSR1
ACE2;EGD2
ACE2;HSP150
ACE2;TPM1
ACE2;YKR041W
ACE2;MGM101
ACE2;ERG29
ACE2;GUF1
ACE2;BAT2
ACE2;AIM9
ACE2;TAH11
ACE2;TIM23
ACE2;ASN2
ACE2;ECM32
ACE2;YEA6
ACE2;PIR1
ACE2;AIM44
ACE2;REE1
ACE2;FAA3
AFT2;ATX1
AFT2;HCR1
AFT2;PRB1
AFT2;UBC8
AFT2;RCH1
AFT2;YER079W
AFT2;AFT1
AFT2;XBP1
AFT2;RHO2
AFT2;ISU2
AFT2;FRE5
AFT2;YPL034W
AFT2;PRM4
ARG80;ARG1
ARG80;CAR1
ARG80;CAR2
ARG80;NOC2
ARG80;GCD11
ARG81;ARG1
ARG81;ARG3
ARG81;CAR1
ARG81;CAR2
ARG81;TVP23
ARG81;OYE2
ARG81;TIP20
ARG81;RHO4
ARG81;PEX5
ARG81;ARG81
ARO80;ARO10
ARO80;YCL065W
ARO80;HMLALPHA1
ARO80;MUP3
ARO80;PPH3
ARO80;ARO80
ASH1;HO
ASH1;RFC3
ASH1;DBP8
ASH1;DDI1
ASH1;DIP5
ASH1;ECM13
ASH1;ERG9
ASH1;JSN1
ASH1;LYS2
ASH1;REG2
ASH1;RPN12
ASH1;UBC8
ASH1;UTH1
ASH1;YBR071W
ASH1;YCK1
ASH1;YDL071C
ASH1;CDC34
ASH1;PST1
ASH1;HXT6
ASH1;YHP1
ASH1;PPN1
ASH1;PIL1
ASH1;CRH1
ASH1;YIL141W
ASH1;ARG3
ASH1;YKL071W
ASH1;SMY1
ASH1;PIR3
ASH1;EMP46
ASH1;PUN1
ASH1;YMR252C
ASH1;YMR304C-A
ASH1;SCW10
ASH1;GAS1
ASH1;TOS6
ASH1;TMC1
ASH1;PDR5
ASH1;RMI1
ASH1;GIC2
ASH1;YKR041W
ASH1;IMA2
BAS1;ADE1
BAS1;ADE13
BAS1;ADE17
BAS1;ADE2
BAS1;ADE3
BAS1;ADE4
BAS1;ADE5,7
BAS1;ADE6
BAS1;ADE8
BAS1;CEM1
BAS1;GCV1
BAS1;GCV3
BAS1;GLY1
BAS1;GSH1
BAS1;HIS1
BAS1;HIS4
BAS1;HIS7
BAS1;IDP3
BAS1;IES5
BAS1;JEN1
BAS1;MET6
BAS1;MTD1
BAS1;RPL22A
BAS1;SHM2
BAS1;SNO3
BAS1;SNZ3
BAS1;SPG5
BAS1;VTC3
BAS1;ATP25
BAS1;YMR244W
BAS1;YPL251W
BAS1;YOL024W
BAS1;CDC20
BAS1;ADE16
BAS1;BDH1
BAS1;GCV2
BAS1;RFC5
BAS1;STR3
BAS1;MNL2
BAS1;FRS1
BAS1;HSC82
BAS1;QCR9
BAS1;FLC2
BAS1;YFT2
BAS1;APC2
BAS1;SRP1
BAS1;GRS2
BAS1;OAC1
BAS1;RPL1B
BAS1;CAT2
BAS1;YDR018C
BAS1;PSD2
BAS1;HIS5
BAS1;YCH1
BAS1;HOP1
BAS1;CFD1
BAS1;CUP9
BAS1;GID8
BAS1;KIN3
BAS1;ILV5
BAS1;URA2
BAS1;ATG33
BAS1;ARN1
BAS1;BDH2
BAS1;CIS1
CAT8;ACH1
CAT8;ADH2
CAT8;CIT2
CAT8;DLD1
CAT8;FBP1
CAT8;GDH2
CAT8;JEN1
CAT8;MDH2
CAT8;MLS1
CAT8;PCK1
CAT8;OM14
CBF1;APP1
CBF1;ARO4
CBF1;CYT1
CBF1;ERG20
CBF1;GSH1
CBF1;LAC1
CBF1;MET14
CBF1;MET16
CBF1;MET2
CBF1;MET28
CBF1;MET3
CBF1;MET6
CBF1;POP3
CBF1;QCR8
CBF1;SER33
CBF1;SPL2
CBF1;STR3
CBF1;RRT14
CBF1;ASF1
CBF1;GAR1
CBF1;RIP1
CBF1;YEL043W
CBF1;YEL045C
CBF1;GLY1
CBF1;HIS1
CBF1;HAC1
CBF1;YMR31
CBF1;GSC2
CBF1;SCM4
CBF1;PAC10
CBF1;YGR079W
CBF1;GGC1
CBF1;QCR10
CBF1;RHO3
CBF1;BNA3
CBF1;SNA3
CBF1;HMS2
CBF1;CIK1
CBF1;ATM1
CBF1;YDJ1
CBF1;NOP13
CBF1;ATX1
CBF1;MET22
CBF1;RVB2
CBF1;ATG41
CBF1;RPL11A
CBF1;LCB3
CBF1;MMP1
CBF1;GSY2
CBF1;HIS5
CBF1;TRE1
CBF1;ATF1
CBF1;KTI12
CBF1;RRP6
CBF1;PHO5
CBF1;YNL174W
CBF1;PHM6
CBF1;HMF1
CBF1;PHO84
CBF1;WTM2
CBF1;SPE2
CBF1;SAM3
CBF1;THO1
CBF1;YBL028C
CBF1;VHR2
CBF1;FET4
CBF1;SES1
CBF1;TRM2
CBF1;RPS7B
CBF1;NAB3
CBF1;RPS16B
CBF1;PRS4
CBF1;YHB1
CBF1;MRX14
CBF1;PHO8
CBF1;VTC2
CBF1;CDC5
CBF1;CCS1
CBF1;YDR149C
CBF1;PKR1
CBF1;PFK26
CBF1;RTS3
CBF1;HAP4
CBF1;YBL036C
CBF1;NRG1
CBF1;NTH1
CHA4;CHA1
CHA4;VAC17
CRZ1;ADH7
CRZ1;CMK2
CRZ1;DIA1
CRZ1;ENA1
CRZ1;GPX2
CRZ1;PHO89
CRZ1;SOK2
CRZ1;SUR1
CRZ1;YOL014W
CRZ1;RCN2
CRZ1;YPS1
CRZ1;BDH2
CRZ1;RTS3
CRZ1;CIT2
CRZ1;CUP2
CRZ1;YLR162W
CRZ1;YLR257W
CRZ1;YMR102C
CRZ1;TMC1
CRZ1;PDR5
CRZ1;HXT7
CRZ1;ORM2
CRZ1;ADI1
CRZ1;ZEO1
CRZ1;SNC2
CRZ1;UBC4
CRZ1;UPC2
CRZ1;NCE103
CRZ1;HSP12
CRZ1;HXK1
CRZ1;ACC1
CRZ1;ICY1
CRZ1;CRZ1
CUP2;CUP1-1
CUP2;CUP1-2
CUP2;CUP2
CUP9;PTR2
CUP9;SED1
CUP9;YDR442W
CUP9;PET9
CUP9;SEC59
CUP9;CDC24
CUP9;HNM1
CUP9;CMR3
CUP9;YJR015W
CUP9;CTS1
DAL80;CAN1
DAL80;DAL3
DAL80;DAL7
DAL80;DAL80
DAL80;DUR1,2
DAL80;GAT1
DAL80;UGA1
DAL80;UGA4
DAL80;TYR1
DAL81;UGA2
DAL81;UGA3
DAL81;GUD1
DAL81;YLR257W
DAL81;OAC1
DAL81;CCE1
DAL82;CAR2
DAL82;PRM7
DAL82;YDL038C
DAL82;CLB3
DAL82;MND1
DAL82;MUP3
DAL82;SKN7
DAL82;UPC2
DAL82;FLO9
DAL82;DOS2
DAL82;PCL5
DAL82;ERG24
DAL82;YGL108C
ECM22;ERG2
ECM22;ERG28
ECM22;ERG4
ECM22;FRQ1
ECM22;PET20
ECM22;RNR1
ECM22;SFG1
FKH1;ACE2
FKH1;BUD4
FKH1;BUD9
FKH1;CLB2
FKH1;HOS3
FKH1;FKH2
FKH1;VAC17
FKH1;UTP4
FKH1;AIM20
FKH1;DYN1
FKH1;PNP1
FKH1;SSO2
FKH1;GAS3
FKH1;FRK1
FKH1;DSE2
FKH1;SWI5
FKH1;ALK1
FKH1;BUD3
FKH1;CDC5
FKH1;CLB1
FKH1;KIP2
FKH1;MOB1
FKH1;MMR1
FKH1;SRC1
FKH1;YNL058C
FKH1;CDC20
FKH1;YML119W
FKH1;CTS1
FKH1;DSE1
FKH1;AMN1
FKH1;SUR7
FKH1;SFG1
FKH1;BRN1
FKH1;RPL39
FKH1;RPS22A
FKH1;RPL31B
FKH1;SPC24
FKH1;RPL20B
FKH1;GLN1
FKH1;ZRT1
FKH1;RPL37B
FKH1;FUS1
FKH1;CRP1
FKH1;HSP82
FKH1;FRD1
FKH1;HIR2
FKH1;SWI1
FKH1;PEX25
FKH1;RRB1
FKH1;TGL1
FKH1;ABZ2
FKH1;MKK1
FKH1;YGR130C
FKH1;UFE1
FKH1;YBL096C
FKH1;AQY1
FKH1;YLR345W
FKH1;SAM4
FKH1;ARO2
FKH1;YMR290W-A
FKH1;YML100W-A
FKH1;YCK1
FKH1;MAG2
FKH1;GCR1
FKH1;ARG5,6
FKH1;RAD51
FKH1;AIM14
FKH1;IKS1
FKH1;JEN1
FKH1;ARG1
FKH1;SGO1
FKH1;SLK19
FKH1;SPC97
FKH1;CIS3
FKH1;YCS4
FKH1;AIM34
FKH1;TDA6
FKH1;YBL029W
FKH1;RPS8A
FKH1;RPL32
FKH1;TEF2
FKH1;RPB5
FKH1;ELO2
FKH1;CSM1
FKH1;RPS29B
FKH1;RPL35B
FKH1;RPL41A
FKH1;NHP2
FKH1;YDR042C
FKH1;RPL12B
FKH1;RPS17B
FKH1;RPL27B
FKH1;TRS31
FKH1;RPL12A
FKH1;RPL23B
FKH1;RPS26B
FKH1;MMS2
FKH1;YGL101W
FKH1;RPL28
FKH1;RPS2
FKH1;RPL1B
FKH1;RPL9A
FKH1;RPL26B
FKH1;RPL14B
FKH1;RPL8A
FKH1;RPS27B
FKH1;RPS24B
FKH1;RPL16A
FKH1;RPS21B
FKH1;RPA34
FKH1;DAS1
FKH1;RPL17B
FKH1;RPS14B
FKH1;RPS5
FKH1;RPS4A
FKH1;MRT4
FKH1;RPS27A
FKH1;RPS21A
FKH1;RPL40B
FKH1;RPL8B
FKH1;CMS1
FKH1;RPL15A
FKH1;RPL22A
FKH1;BMT6
FKH1;STM1
FKH1;RPL37A
FKH1;RPS28B
FKH1;RPS25B
FKH1;RPL26A
FKH1;ELO3
FKH1;RPS1A
FKH1;RPL6B
FKH1;FPR4
FKH1;RPS17A
FKH1;RPS18B
FKH1;RPS1B
FKH1;RPL6A
FKH1;RPL36A
FKH1;RPS10B
FKH1;RPL20A
FKH1;HAS1
FKH1;RPL9B
FKH1;RPS7B
FKH1;DBP2
FKH1;RPL42A
FKH1;RPS3
FKH1;SUI1
FKH1;RPS19B
FKH1;NOG2
FKH1;ZEO1
FKH1;RPL18A
FKH1;RPS19A
FKH1;RPL25
FKH1;YNG1
FKH1;RKI1
FKH1;RPS7A
FKH1;RPS28A
FKH1;RPL33B
FKH1;DFR1
FKH1;RPS10A
FKH1;NOP58
FKH1;RPA43
FKH1;RPS12
FKH1;RPL21B
FKH1;RPS9A
FKH1;RPL5
FKH1;RPL1A
FKH1;RPS23B
FKH1;ARP6
FKH1;NCW2
FKH1;NRM1
FKH1;NDD1
FKH2;ACE2
FKH2;BUD4
FKH2;CDC20
FKH2;CLB2
FKH2;CTS1
FKH2;PCL1
FKH2;SWI5
FKH2;CDC5
FKH2;CLB1
FKH2;KIP2
FKH2;IQG1
FKH2;MOB1
FKH2;MYO1
FKH2;BUD3
FKH2;AIM20
FKH2;MMR1
FKH2;SRC1
FKH2;YNL058C
FKH2;FRK1
FKH2;CHS2
FKH2;HOF1
FKH2;DSE1
FKH2;DSE2
FKH2;AMN1
FKH2;ALK1
FKH2;SUR7
FKH2;SFG1
FKH2;RPS1B
FKH2;GIC2
FKH2;AMD1
FKH2;LCB5
FKH2;NSR1
FKH2;HHF1
FKH2;HHT1
FKH2;KRR1
FKH2;YNL174W
FKH2;MTR4
FKH2;RKI1
FKH2;PUB1
FKH2;CKB2
FKH2;COG5
FKH2;RBG1
FKH2;SYO1
FKH2;KTI12
FKH2;SED5
FKH2;HIR2
FKH2;TIM21
FKH2;FCF1
FKH2;RPN11
FKH2;RRB1
FKH2;DBP2
FKH2;CDC33
FKH2;TYE7
FKH2;RPA34
FKH2;TOS4
FKH2;BUR2
FKH2;YHR125W
FKH2;SBA1
FKH2;RPS1A
FKH2;WHI2
FKH2;TSR4
FKH2;BFR1
FKH2;YOR200W
FKH2;BAT2
FKH2;CDC21
FKH2;RPL13B
FKH2;MDY2
FKH2;RRS1
FKH2;TRM8
FKH2;COQ6
FKH2;KRI1
FKH2;BMT5
FKH2;RPL13A
FKH2;BUD20
FKH2;FPR4
FKH2;GIS2
FKH2;ETT1
FKH2;YTM1
FKH2;MOD5
FKH2;TRM11
FKH2;PRT1
FKH2;YGP1
FKH2;KRE33
FKH2;PRE10
FKH2;RRP7
FKH2;SBP1
FKH2;MOG1
FKH2;YGR117C
FKH2;MRT4
FKH2;RTP1
FKH2;TPA1
FKH2;GYP6
FKH2;CAP1
FKH2;SUT2
FLO8;STA1
FLO8;ACH1
FLO8;ALD6
FLO8;GNP1
FLO8;HCM1
FLO8;HXT1
FLO8;HXT11
FLO8;HXT3
FLO8;KNH1
FLO8;MRPL15
FLO8;NDE1
FLO8;ROX1
FLO8;YIL168W
FLO8;SEC8
FLO8;SIT4
FLO8;SWI1
FLO8;TPO4
FLO8;YBL029C-A
FLO8;YDR524W-C
FLO8;CSS1
FLO8;PIR5
FLO8;STN1
FLO8;SNT309
FZF1;SSU1
GAL4;COS1
GAL4;COS3
GAL4;GAL1
GAL4;GAL80
GAL4;RDS1
GAL4;YCL065W
GAL4;YIL174W
GAL4;YNL337W
GAL4;SWD1
GAL4;YIP1
GAL4;SUR7
GAL4;MLF3
GAL4;PMA2
GAL4;PAU6
GAL4;YIH1
GAT1;GZF3
GAT1;UGA4
GAT1;MEP2
GAT1;RTS3
GAT1;GAT1
GAT3;YRF1-3
GAT3;ATG27
GCN4;AAT2
GCN4;ADE13
GCN4;ADE3
GCN4;ADE5,7
GCN4;ALD5
GCN4;ARG1
GCN4;ARG2
GCN4;ARG3
GCN4;ARG4
GCN4;ARG5,6
GCN4;ARG8
GCN4;ARO1
GCN4;ARO2
GCN4;ARO3
GCN4;ARO4
GCN4;ARO8
GCN4;ASN1
GCN4;ASN2
GCN4;ATP7
GCN4;ATR1
GCN4;BAP2
GCN4;BNA1
GCN4;BSC5
GCN4;CAN1
GCN4;CAR1
GCN4;CIN4
GCN4;CPA1
GCN4;CPA2
GCN4;DBF20
GCN4;DED81
GCN4;ECM32
GCN4;FLO1
GCN4;FOL2
GCN4;GLC3
GCN4;GLN3
GCN4;GLT1
GCN4;GNP1
GCN4;HIS1
GCN4;HIS3
GCN4;HIS4
GCN4;HIS5
GCN4;HIS7
GCN4;HOM3
GCN4;ICY1
GCN4;IDP1
GCN4;ILS1
GCN4;ILV1
GCN4;ILV2
GCN4;ILV3
GCN4;ILV5
GCN4;KAR5
GCN4;LEU1
GCN4;LEU2
GCN4;LEU3
GCN4;LEU4
GCN4;LEU9
GCN4;LYS1
GCN4;LYS14
GCN4;LYS2
GCN4;LYS20
GCN4;LYS9
GCN4;MCH4
GCN4;MET10
GCN4;MET13
GCN4;MET16
GCN4;MET22
GCN4;MET28
GCN4;MET4
GCN4;NNF1
GCN4;NPR1
GCN4;ODC2
GCN4;ORT1
GCN4;PCL5
GCN4;PEX5
GCN4;PSF2
GCN4;PSO2
GCN4;PUT3
GCN4;QDR3
GCN4;RAD16
GCN4;RAD5
GCN4;RAD55
GCN4;RIB5
GCN4;RIM9
GCN4;SER1
GCN4;SNO1
GCN4;SNZ1
GCN4;TEA1
GCN4;TFC7
GCN4;THR1
GCN4;THR4
GCN4;TRP2
GCN4;TRP3
GCN4;TRP4
GCN4;TRP5
GCN4;UGA3
GCN4;YAP1801
GCN4;SPO23
GCN4;YDR341C
GCN4;PKP2
GCN4;YHR020W
GCN4;MPC2
GCN4;ACO2
GCN4;PXP2
GCN4;ATG33
GCN4;YMC1
GCN4;YMC2
GCN4;YMR1
GCN4;YOR302W
GCN4;FBA1
GCN4;FLO11
GCN4;GPG1
GCN4;TMT1
GCN4;YAH1
GCN4;YGL117W
GCN4;ADH5
GCN4;HSP78
GCN4;SAM4
GCN4;TDH3
GCN4;AQR1
GCN4;ARG7
GCN4;RPA34
GCN4;ECM13
GCN4;YBL044W
GCN4;COR1
GCN4;SFT2
GCN4;RTG3
GCN4;ZTA1
GCN4;FMP23
GCN4;YRO2
GCN4;RTC2
GCN4;PYC2
GCN4;POP4
GCN4;YCR023C
GCN4;RTK1
GCN4;MCH1
GCN4;ASF2
GCN4;GGC1
GCN4;PHO8
GCN4;VPS60
GCN4;HVG1
GCN4;YER085C
GCN4;CAF16
GCN4;IRC7
GCN4;ATG1
GCN4;STR3
GCN4;TPN1
GCN4;YGR067C
GCN4;YGR069W
GCN4;RTS3
GCN4;RIM101
GCN4;MAS2
GCN4;YHI9
GCN4;CIA2
GCN4;VHR1
GCN4;PRM5
GCN4;NIT1
GCN4;YIL165C
GCN4;PEX2
GCN4;YJR018W
GCN4;ADO1
GCN4;RPS4A
GCN4;PCK1
GCN4;COX17
GCN4;YBT1
GCN4;RPS0B
GCN4;YLR152C
GCN4;NCW2
GCN4;BOP2
GCN4;WAR1
GCN4;STB4
GCN4;GID8
GCN4;GAT2
GCN4;MRPS17
GCN4;GCV2
GCN4;YMR196W
GCN4;GAD1
GCN4;DSS1
GCN4;HRB1
GCN4;NCE103
GCN4;NAF1
GCN4;ESBP6
GCN4;NRK1
GCN4;NAR1
GCN4;SKP2
GCN4;TRM11
GCN4;MRM1
GCN4;YOR203W
GCN4;DED1
GCN4;SSU1
GCN4;ISU1
GCN4;GIP3
GCN4;ATG41
GCN4;YPL264C
GCN4;KAR9
GCN4;YPR039W
GCN4;TIP41
GCN4;NUT2
GCN4;ATG13
GCN4;ISA1
GCN4;ALD6
GCN4;SIP4
GCN4;RGS2
GCN4;ISW2
GCN4;TEF2
GCN4;YDL183C
GCN4;YDR034W-B
GCN4;YBP2
GCN4;RPS24A
GCN4;LSM12
GCN4;VMA13
GCN4;SCS3
GCN4;ATH1
GCN4;GEM1
GCN4;YGL024W
GCN4;PUG1
GCN4;MRPL19
GCN4;RPS3
GCN4;WHI2
GCN4;HSP31
GCN4;GPP1
GCN4;RTG2
GCN4;HOR7
GCN4;TYS1
GCN4;MNN1
GCN4;MSH5
GCN4;AHA1
GCN4;LOS1
GCN4;GDH2
GCN4;IGD1
GCN4;YBR085C-A
GCN4;PHM8
GCN4;YDR491C
GCN4;RPS11B
GCN4;MRS2
GCN4;YML108W
GCN4;YER039C-A
GCN4;YGR050C
GCR1;ADH1
GCR1;ENO1
GCR1;ENO2
GCR1;GLK1
GCR1;GPM1
GCR1;HXT4
GCR1;PDC1
GCR1;PGI1
GCR1;PGK1
GCR1;TDH3
GCR1;TPI1
GCR1;CDC19
GCR1;BMH1
GCR1;RPL12B
GCR1;RPL23B
GCR1;RPL27B
GCR1;RPL3
GCR1;RPS19A
GCR1;SBP1
GCR1;RPS0A
GCR1;SUB2
GCR1;MRP13
GCR1;ERG4
GCR1;RPS13
GCR1;MRM2
GCR2;CDC19
GCR2;ENO2
GCR2;FBA1
GCR2;PGI1
GCR2;RPS19A
GCR2;TDH2
GCR2;TDH3
GCR2;ADH1
GCR2;GPM1
GCR2;CKS1
GCR2;ADH5
GCR2;SMT3
GCR2;PYC1
GCR2;ZRT1
GCR2;CDC6
GCR2;SUN4
GCR2;RPL31A
GCR2;RBG2
GCR2;MRT4
GLN3;CAR1
GLN3;CPS1
GLN3;DAL1
GLN3;DAL5
GLN3;DCG1
GLN3;DUR1,2
GLN3;DUR3
GLN3;GAP1
GLN3;GAT1
GLN3;GCN4
GLN3;GLN1
GLN3;APE1
GLN3;PMA1
GLN3;RPA34
GLN3;UGA4
GLN3;HIS4
GLN3;GNP1
GLN3;FRS2
GLN3;YHB1
GLN3;RPS20
GLN3;BAT2
GLN3;SRP40
GLN3;RIX7
GLN3;RPS0B
GLN3;ZRT2
GLN3;MRPL4
GLN3;SFG1
GLN3;DIP5
GLN3;TIP41
GLN3;RAS1
GLN3;LHS1
GLN3;ATC1
GLN3;NMD3
GLN3;RBG2
GLN3;GLN3
GZF3;GAP1
GZF3;GAT1
GZF3;UGA4
HAC1;EUG1
HAC1;KAR2
HAC1;LHS1
HAC1;SIL1
HAC1;ERJ5
HAP1;ARE2
HAP1;CYB5
HAP1;CYC7
HAP1;CYT1
HAP1;ERG11
HAP1;ERG3
HAP1;HMG1
HAP1;PIC2
HAP1;ROX1
HAP1;SCM4
HAP1;YHB1
HAP1;HAP1
HAP1;ERG2
HAP1;YCR061W
HAP1;IZH1
HAP1;RIP1
HAP1;HYP2
HAP1;OLE1
HAP1;CLD1
HAP1;YGR266W
HAP1;UBX6
HAP1;LSB6
HAP1;SOD1
HAP1;SFK1
HAP1;PET10
HAP1;ACS2
HAP1;ERG13
HAP1;ERG5
HAP1;NDE1
HAP1;ERG8
HAP1;PDR16
HAP1;COQ2
HAP1;MVD1
HAP1;FRE4
HAP1;SUE1
HAP2;ATP1
HAP2;ATP2
HAP2;CYC1
HAP2;HEM1
HAP2;RPM2
HAP2;VTC3
HAP2;YHB1
HAP2;YLR463C
HAP2;YNL338W
HAP2;TYW1
HAP2;YRF1-5
HAP2;YRF1-6
HAP2;GLT1
HAP2;GAT1
HAP2;MGA2
HAP2;YJR149W
HAP2;SDC25
HAP2;RKM1
HAP2;SUB2
HAP2;NOC2
HAP2;RTP1
HAP2;IOC4
HAP3;CIT1
HAP3;CYC1
HAP3;GPX2
HAP3;RPM2
HAP4;ATP7
HAP4;CIT1
HAP4;COX12
HAP4;COX5A
HAP4;COX6
HAP4;CYC1
HAP4;CYT1
HAP4;GPX2
HAP4;RPM2
HAP4;SDH1
HAP4;YLR294C
HAP4;SMF2
HAP4;ARO7
HAP4;CHS2
HAP4;QCR6
HAP5;ATP3
HAP5;CIT1
HAP5;CYC1
HAP5;MIR1
HAP5;NDI1
HAP5;RPM2
HAP5;YHB1
HAP5;ADE3
HAP5;MSC3
HAP5;YKU70
HCM1;ERG2
HCM1;GYP1
HCM1;PAU6
HCM1;HEK2
HCM1;BDS1
HCM1;NDD1
HCM1;TUB1
HOT1;CTT1
HSF1;AHA1
HSF1;APA1
HSF1;CPR6
HSF1;CUP1-1
HSF1;CUP1-2
HSF1;EFB1
HSF1;GPM1
HSF1;HCH1
HSF1;HEK2
HSF1;HOM2
HSF1;HOR7
HSF1;HSC82
HSF1;HSP104
HSF1;HSP12
HSF1;HSP26
HSF1;HSP60
HSF1;HSP78
HSF1;HSP82
HSF1;KAR2
HSF1;RIB1
HSF1;RPN4
HSF1;SFK1
HSF1;SIS1
HSF1;SSA2
HSF1;SSA3
HSF1;SSA4
HSF1;SSC1
HSF1;SSE1
HSF1;UBI4
HSF1;YDJ1
HSF1;YDR154C
HSF1;YGR210C
HSF1;ZPR1
HSF1;ZEO1
HSF1;ENO2
HSF1;FSH1
HSF1;HSP30
HSF1;SGT2
HSF1;UGP1
HSF1;EDC2
HSF1;BSC2
HSF1;PIN3
HSF1;PMA1
HSF1;SCT1
HSF1;SKI6
HSF1;TDH3
HSF1;TEF2
HSF1;KRR1
HSF1;ARO1
HSF1;ARB1
HSF1;PHM8
HSF1;YGL036W
HSF1;CHO2
HSF1;RPA34
HSF1;MRT4
HSF1;YLR050C
HSF1;GSP1
HSF1;ILV2
HSF1;HRK1
HSF1;SVL3
HSF1;YDR170W-A
HSF1;YLR217W
HSF1;SPG4
HSF1;RPS8B
HSF1;YKR041W
HSF1;YEL045C
HSF1;HHF1
HSF1;CYC1
IME1;IME2
IME1;IME1
INO2;ACC1
INO2;FAS1
INO2;FAS2
INO2;INO1
INO2;OPI1
INO2;PSD1
INO2;STF2
INO2;CDS1
INO2;CPT1
INO2;FAA1
INO2;THI74
INO4;CTT1
INO4;DPP1
INO4;ECM13
INO4;FAS1
INO4;GIT1
INO4;HSP12
INO4;HXK1
INO4;HXT6
INO4;MTH1
INO4;PGS1
INO4;YEL073C
INO4;ARH1
INO4;ATG12
INO4;BCS1
INO4;ESP1
INO4;FLO10
INO4;FPR2
INO4;HNT3
INO4;IAH1
INO4;IFM1
INO4;MPD1
INO4;MRPS18
INO4;MSC6
INO4;NFU1
INO4;RFA2
INO4;RPB4
INO4;RRI2
INO4;RTT107
INO4;SGA1
INO4;SHE9
INO4;SNA3
INO4;TEC1
INO4;COX23
INO4;MHO1
INO4;YTH1
INO4;TCD2
INO4;HNT1
INO4;INO4
IXR1;COX5B
IXR1;ADH3
IXR1;FLR1
IXR1;GSY1
IXR1;GSY2
IXR1;HXT5
IXR1;PRM4
IXR1;RNR1
IXR1;SER3
IXR1;UTP20
IXR1;MPH2
IXR1;YKR075C
IXR1;HST3
IXR1;SSS1
IXR1;LSM7
IXR1;PUS5
IXR1;YGL117W
IXR1;SCW4
IXR1;POP8
IXR1;SOL4
IXR1;HAT2
IXR1;ROX1
IXR1;TIR1
IXR1;IXR1
LEU3;GDH1
LEU3;FSF1
LEU3;ARG5,6
LEU3;DAL3
LEU3;DAL7
LEU3;IDP1
LEU3;MET1
LEU3;MET16
LEU3;ORT1
LEU3;RPL41A
LEU3;STR3
LEU3;ATG33
LEU3;POL1
LEU3;PDR16
LEU3;YTM1
LEU3;UME6
LEU3;ECL1
LEU3;CDA1
LEU3;LEU1
LEU3;OAC1
LEU3;BAT1
LEU3;BAP2
LEU3;ILV2
LEU3;LEU4
LEU3;ILV5
LEU3;ILV3
LEU3;ALD5
LEU3;ISU2
MAC1;CTR1
MAC1;FTR1
MAC1;YAR009C
MAC1;YLR035C-A
MAC1;PHO89
MAC1;DAS1
MAC1;KRE6
MAC1;HNM1
MAC1;CTR2
MBP1;CLB5
MBP1;DUN1
MBP1;ELO1
MBP1;ERP3
MBP1;EXG1
MBP1;HTA2
MBP1;HTB2
MBP1;POL1
MBP1;PSA1
MBP1;RNR1
MBP1;SPT21
MBP1;DSE1
MBP1;YHR219W
MBP1;YRF1-3
MBP1;YRF1-6
MBP1;YRF1-7
MBP1;PCL1
MBP1;MOT1
MBP1;CWP2
MBP1;PLM2
MBP1;CUE4
MBP1;HO
MBP1;BUD9
MBP1;RNR4
MBP1;PLB2
MBP1;SVS1
MBP1;CIN2
MBP1;QCR6
MBP1;ASH1
MCM1;AGA1
MCM1;ALK1
MCM1;ARG3
MCM1;BAR1
MCM1;BUD9
MCM1;CAR1
MCM1;CAR2
MCM1;MCM7
MCM1;CLB1
MCM1;CLB2
MCM1;CLN3
MCM1;GFA1
MCM1;MFA1
MCM1;MFA2
MCM1;PIR1
MCM1;PIR3
MCM1;SIM1
MCM1;STE2
MCM1;STE12
MCM1;STE3
MCM1;SWI5
MCM1;YNL058C
MCM1;YRF1-6
MCM1;SFB3
MCM1;KIN3
MCM1;SUR7
MCM1;YDR509W
MCM1;GLY1
MCM1;SFG1
MCM1;RNR1
MCM1;ARG1
MCM1;BNA3
MCM1;CYC3
MCM1;ERG3
MCM1;FAT1
MCM1;GDS1
MCM1;RPA190
MCM1;RVB2
MCM1;CIS3
MCM1;KCH1
MCM1;ZDS2
MCM1;YOL013W-A
MCM1;FUN26
MCM1;PMT2
MCM1;CSG2
MCM1;ECM33
MCM1;PHO3
MCM1;KAP123
MCM1;MSB2
MCM1;YGR079W
MCM1;CRH1
MCM1;MAM33
MCM1;MOB1
MCM1;SMF3
MCM1;NTE1
MCM1;EGT2
MCM1;HTZ1
MCM1;SRL1
MCM1;RPS11B
MET28;CYS3
MET28;MET14
MET28;MET16
MET28;MET2
MET28;MET6
MET28;MUP1
MET28;OPT1
MET28;STR3
MET28;PDC6
MET28;MMP1
MET31;CYS3
MET31;IES5
MET31;MET16
MET31;YLR179C
MET31;MET17
MET31;PDC6
MET31;MUP1
MET31;MMP1
MET32;MET14
MET32;MET16
MET32;MET28
MET32;MET3
MET32;STR3
MET32;MET8
MET32;MET6
MET32;IES5
MET32;MUP1
MET32;ADE3
MET32;MET5
MET32;SUL2
MET32;YLR179C
MET32;MET17
MET32;MET22
MET32;CYS4
MET32;PHO89
MET32;SPL2
MET32;SWI1
MET32;SAM3
MET32;RPS16A
MET32;ZWF1
MET32;VTC3
MET32;PGK1
MET4;ADE3
MET4;CYS3
MET4;GSH1
MET4;HHF2
MET4;IES5
MET4;LSB6
MET4;MET10
MET4;MET14
MET4;MET16
MET4;MET17
MET4;MET2
MET4;MET28
MET4;MET3
MET4;MET6
MET4;MUP1
MET4;OPT1
MET4;SAM1
MET4;STR3
MET4;SUL2
MET4;USO1
MET4;YLR179C
MET4;PGK1
MET4;MET32
MET4;SPL2
MET4;GND2
MET4;ORC3
MET4;SPO75
MET4;PAU17
MET4;ADE12
MET4;SUL1
MET4;MET5
MET4;PST1
MET4;ATG1
MET4;GID8
MET4;DDR2
MET4;YGP1
MET4;YHR033W
MET4;FLC2
MET4;ENO1
MET4;SHR5
MET4;YIL165C
MET4;CUR1
MET4;RIM4
MET4;YHR097C
MET4;IES6
MET4;PLB3
MET4;BUL1
MET4;WTM1
MET4;MTO1
MET4;CDC34
MET4;CLN3
MET4;HXT2
MET4;SNQ2
MET4;GAT1
MET4;TSL1
MET4;GSC2
MET4;YJR120W
MET4;PLB1
MET4;GIS1
MET4;PDR16
MET4;YOR1
MET4;RGC1
MET4;ADE5,7
MET4;RHO3
MET4;ALT2
MET4;YLR112W
MET4;YJR146W
MET4;SOL1
MET4;KTR6
MET4;STP4
MET4;PDC6
MET4;YHR112C
MET4;GLN1
MET4;GRE1
MET4;JLP1
MET4;CRF1
MET4;YIR042C
MET4;AMF1
MET4;OPT2
MET4;BOP2
MET4;CIT2
MET4;BDH2
MET4;FMP40
MET4;LEE1
MET4;HMS1
MET4;MOH1
MET4;YDR010C
MET4;VBA2
MET4;SFC1
MET4;KIC1
MET4;URN1
MET4;NCE103
MET4;VHS1
MET4;GDH3
MET4;NUT2
MET4;SYG1
MET4;RKM5
MET4;SMF3
MET4;COT1
MET4;PCL5
MET4;HAP4
MET4;CWP1
MET4;TYE7
MET4;KNH1
MET4;GLY1
MET4;PXR1
MET4;MET4
MGA2;OLE1
MGA2;IZH4
MGA2;ATF1
MGA2;ELO1
MGA2;FAA4
MGA2;IZH1
MGA2;LAC1
MGA2;SLC1
MGA2;ELO3
MGA2;VRG4
MIG1;DSF1
MIG1;FBP1
MIG1;GAL1
MIG1;GAL4
MIG1;HXT13
MIG1;MEL1
MIG1;SUC2
MIG1;SHY1
MIG1;MAL62
MIG1;MAL63
MIG1;MAL61
MIG1;MIG1
MIG2;DSF1
MIG2;HXT13
MIG2;SUC2
MIG2;GAL1
MIG3;SUC2
MOT3;ANB1
MOT3;CYC1
MOT3;ERG2
MOT3;HEM13
MOT3;FLO11
MOT3;HXT15
MOT3;SED1
MOT3;ZRT1
MOT3;RPI1
MOT3;IDH1
MOT3;SFG1
MOT3;GIP3
MOT3;ARO9
MSN1;GLN1
MSN1;GPD1
MSN1;FLO11
MSN1;SWI1
MSN2;ACH1
MSN2;AGX1
MSN2;AHP1
MSN2;ALD3
MSN2;ALD5
MSN2;CCP1
MSN2;CPA2
MSN2;CTT1
MSN2;DDR2
MSN2;DDR48
MSN2;ECM4
MSN2;EMI1
MSN2;GAL1
MSN2;GLO1
MSN2;GPD1
MSN2;GSY2
MSN2;HSP104
MSN2;HSP12
MSN2;HSP26
MSN2;HSP42
MSN2;HSP82
MSN2;IME1
MSN2;APE1
MSN2;MDH2
MSN2;NCE103
MSN2;OYE3
MSN2;PHM8
MSN2;PRE5
MSN2;RIM4
MSN2;RPA135
MSN2;SOL4
MSN2;SPS100
MSN2;SSA1
MSN2;SSA4
MSN2;TES1
MSN2;TFS1
MSN2;TRX2
MSN2;TSL1
MSN2;UBI4
MSN2;NQM1
MSN2;YML131W
MSN2;GSY1
MSN2;IDH2
MSN2;YHR033W
MSN2;COQ6
MSN2;GLC3
MSN2;HXT17
MSN2;COX20
MSN2;GPT2
MSN2;YAT1
MSN2;YBR056W
MSN2;CIN5
MSN2;FLR1
MSN2;TYR1
MSN2;GPX2
MSN2;LYS20
MSN2;SNQ2
MSN2;MRH1
MSN2;YDR102C
MSN2;STE5
MSN2;YDR132C
MSN2;CTA1
MSN2;TRP4
MSN2;TOM1
MSN2;SMT3
MSN2;MEI4
MSN2;YER066C-A
MSN2;YFL012W
MSN2;RRT6
MSN2;RPS26A
MSN2;ENV11
MSN2;BTN2
MSN2;ZPR1
MSN2;MGA1
MSN2;ENO1
MSN2;GND2
MSN2;YHK8
MSN2;SPL2
MSN2;PHO12
MSN2;TAH11
MSN2;KCH1
MSN2;FBA1
MSN2;MSN4
MSN2;YKL071W
MSN2;GPM1
MSN2;SSA2
MSN2;YLR042C
MSN2;YLR111W
MSN2;SHH4
MSN2;FRE1
MSN2;ERG6
MSN2;ATR1
MSN2;PHO84
MSN2;GID8
MSN2;YMR173W-A
MSN2;MMT1
MSN2;MTF1
MSN2;HOR7
MSN2;DOM34
MSN2;RLP7
MSN2;LST8
MSN2;SIS1
MSN2;ISU2
MSN2;YOR302W
MSN2;TYE7
MSN2;PDR12
MSN2;CMR3
MSN2;CTR1
MSN2;SGE1
MSN2;ZRT1
MSN2;SNG1
MSN2;PNS1
MSN2;PRY1
MSN2;PYC1
MSN2;TIS11
MSN2;FET3
MSN2;LAP3
MSN2;PRB1
MSN2;HXT5
MSN2;GPP1
MSN2;ALD6
MSN2;HAC1
MSN2;CIT2
MSN2;HXT1
MSN2;TDA1
MSN2;YLR162W
MSN2;SED1
MSN2;RTK1
MSN2;PCL1
MSN2;RAS2
MSN2;PUN1
MSN2;SIM1
MSN2;RPL3
MSN2;UFO1
MSN2;DIA1
MSN2;HEM1
MSN2;AQR1
MSN2;RPA14
MSN2;SFG1
MSN2;ERG3
MSN2;ZRC1
MSN2;DSE4
MSN2;ILV5
MSN2;RPS3
MSN2;FUI1
MSN2;BMT5
MSN2;BUD20
MSN2;ACO2
MSN2;PMP2
MSN2;HIS1
MSN2;EGT2
MSN2;RPL33B
MSN2;VTC3
MSN2;FTR1
MSN2;ARO2
MSN2;MUP1
MSN2;PAN1
MSN2;FRE6
MSN2;SEG1
MSN2;MCM7
MSN2;FCY2
MSN2;MET6
MSN2;LOC1
MSN2;CLB1
MSN2;PXR1
MSN2;SKG6
MSN2;RPA34
MSN2;PHD1
MSN2;CWP2
MSN2;EXG1
MSN2;DUS3
MSN2;HAS1
MSN2;KRE33
MSN2;YOR342C
MSN2;YHB1
MSN2;REE1
MSN2;ZEO1
MSN2;HMS2
MSN2;OLE1
MSN2;APT2
MSN2;ECM33
MSN2;TAT2
MSN2;PSA1
MSN2;PHO88
MSN2;GDH1
MSN2;RNH203
MSN2;SUR7
MSN2;SDH6
MSN2;AGA2
MSN2;CDC34
MSN2;CSM1
MSN2;ELO1
MSN2;FRS2
MSN2;GFA1
MSN2;GIT1
MSN2;INO1
MSN2;KRE6
MSN2;NCA3
MSN2;PDR5
MSN2;STE23
MSN2;TPO2
MSN2;URA1
MSN2;WSC4
MSN2;ESF1
MSN2;YGL039W
MSN2;YNL035C
MSN2;YOR385W
MSN2;YPR063C
MSN2;YRO2
MSN2;YVC1
MSN2;ARO1
MSN2;CAR1
MSN2;CDC19
MSN2;CKS1
MSN2;HMG1
MSN2;LCB1
MSN2;PHO4
MSN2;PRY3
MSN2;SDS23
MSN2;SEC31
MSN2;SGA1
MSN2;SPT8
MSN2;STP22
MSN2;YCH1
MSN2;NCW2
MSN2;LPX1
MSN2;FSF1
MSN2;ZWF1
MSN2;CYS4
MSN2;HHT1
MSN2;NRG2
MSN2;RPI1
MSN2;SWI1
MSN2;TFA2
MSN2;YLR297W
MSN2;CPR1
MSN2;MDJ1
MSN2;HMS1
MSN2;YOR062C
MSN2;CIS3
MSN2;RTS3
MSN2;FMP48
MSN2;STL1
MSN2;RHO5
MSN2;RGI2
MSN2;GNP1
MSN2;STD1
MSN2;PGK1
MSN2;ASP3-3
MSN2;IMA4
MSN2;FAS1
MSN2;ROX1
MSN2;TIP1
MSN2;GLN1
MSN2;ACA1
MSN2;GLY1
MSN2;HXT11
MSN2;ATG41
MSN2;NDE1
MSN2;MIG2
MSN2;YAR1
MSN2;PLB1
MSN2;RNR4
MSN2;ACC1
MSN2;ASF1
MSN2;UME6
MSN2;NDJ1
MSN2;FCF1
MSN2;MOT3
MSN2;MUB1
MSN2;ASP3-1
MSN2;GFD1
MSN2;CBP3
MSN2;ICT1
MSN2;PRM4
MSN2;RGL1
MSN2;YTM1
MSN2;PCL5
MSN2;CTK2
MSN2;JEN1
MSN2;RPN10
MSN2;YCK1
MSN2;HAA1
MSN2;NOT5
MSN2;BOP2
MSN2;MSP1
MSN2;HSL1
MSN2;IRA2
MSN2;STE6
MSN2;UTP20
MSN2;FKS1
MSN2;MSB2
MSN2;SSD1
MSN2;MYO2
MSN2;GLT1
MSN2;CHC1
MSN2;MDJ2
MSN2;DLD3
MSN2;URA4
MSN2;MET14
MSN2;MOT1
MSN2;BAP3
MSN2;FRE4
MSN2;ALT2
MSN2;CHO2
MSN2;CLN1
MSN2;VHR2
MSN2;RIO2
MSN2;FUS3
MSN2;ERG5
MSN2;ERG25
MSN2;YGR035C
MSN2;YBL028C
MSN2;SYG1
MSN2;RPS21B
MSN2;RPS4A
MSN2;HHF2
MSN2;ENV9
MSN2;HOS3
MSN2;IDI1
MSN2;SOH1
MSN2;MYO4
MSN2;NOP14
MSN2;RPS26B
MSN2;LRP1
MSN2;RPB4
MSN2;NTE1
MSN2;ARG80
MSN2;WHI5
MSN2;ICS2
MSN2;CAB2
MSN2;FET4
MSN2;TCB2
MSN2;RMI1
MSN2;SKS1
MSN2;TEC1
MSN2;BUR6
MSN2;YCS4
MSN2;RPL26A
MSN2;NUP192
MSN2;YKR041W
MSN2;HIS4
MSN2;YNL217W
MSN2;GSC2
MSN2;HSC82
MSN2;YDR210W
MSN2;RPP1B
MSN2;RPL31B
MSN2;SMP1
MSN2;CPR4
MSN2;PAR32
MSN2;HEM12
MSN2;IRC7
MSN2;SHE10
MSN2;PCT1
MSN2;OSH7
MSN2;PEX28
MSN2;MET30
MSN2;RSM7
MSN2;CTS1
MSN2;YML100W-A
MSN2;RSN1
MSN2;STI1
MSN2;PRP46
MSN2;SSO1
MSN2;YPR117W
MSN2;CYC3
MSN2;YAR028W
MSN2;FES1
MSN2;YCR102C
MSN2;DIA3
MSN2;KNH1
MSN2;UGA4
MSN2;GDH2
MSN2;YDR034C-A
MSN2;ADR1
MSN2;CYM1
MSN2;JIP4
MSN2;UBC8
MSN2;YER053C-A
MSN2;PET122
MSN2;LSB3
MSN2;YGL114W
MSN2;CUP2
MSN2;ATG1
MSN2;POX1
MSN2;SAP4
MSN2;YGR067C
MSN2;THI4
MSN2;ECL1
MSN2;MPC3
MSN2;PFS1
MSN2;YIL014C-A
MSN2;RPN2
MSN2;PRM5
MSN2;MET28
MSN2;YJL045W
MSN2;YJR120W
MSN2;ADY4
MSN2;FBP1
MSN2;YLR460C
MSN2;ALO1
MSN2;ERO1
MSN2;MSS1
MSN2;CCS1
MSN2;AAC1
MSN2;YMR084W
MSN2;YMR244W
MSN2;APJ1
MSN2;DDL1
MSN2;MCT1
MSN2;PUT4
MSN2;AEP3
MSN2;IRC15
MSN2;GUP2
MSN2;PUF2
MSN2;SMK1
MSN2;PIN3
MSN2;TPO3
MSN2;ISU1
MSN2;HHT2
MSN2;MSN2
MSN4;AHP1
MSN4;APJ1
MSN4;CCP1
MSN4;CTT1
MSN4;DCS2
MSN4;DDR2
MSN4;DDR48
MSN4;GRE1
MSN4;HSP104
MSN4;HSP26
MSN4;HSP30
MSN4;MRPL4
MSN4;OYE3
MSN4;PHM8
MSN4;PRP46
MSN4;SIP18
MSN4;SSA1
MSN4;SSA4
MSN4;TPS2
MSN4;TRX2
MSN4;TSA2
MSN4;TSL1
MSN4;YGP1
MSN4;RTC3
MSN4;YML131W
MSN4;DDI3
MSN4;GPT2
MSN4;ARN1
MSN4;MMF1
MSN4;OLE1
MSN4;YBL108W
MSN4;GPX2
MSN4;YDL180W
MSN4;LYS20
MSN4;SNQ2
MSN4;AFR1
MSN4;YDR102C
MSN4;STE5
MSN4;MNN10
MSN4;TRP4
MSN4;TOM1
MSN4;YER066C-A
MSN4;GSC2
MSN4;ENV11
MSN4;BTN2
MSN4;YGR283C
MSN4;YHR033W
MSN4;NEL1
MSN4;VTH1
MSN4;YKL071W
MSN4;SSA2
MSN4;ERG6
MSN4;ATR1
MSN4;ASI1
MSN4;YMR173W-A
MSN4;RLP7
MSN4;LST8
MSN4;SIS1
MSN4;ZWF1
MSN4;ISU2
MSN4;WTM2
MSN4;ROX1
MSN4;CTR1
MSN4;SGE1
MSN4;YPR202W
MSN4;RDH54
MSN4;SHH4
MSN4;YOR235W
MSN4;YCL065W
MSN4;YKL223W
MSN4;RAD53
MSN4;ADR1
MSN4;YAR066W
MSN4;MSN4
MSS11;CAP1
MSS11;FLO11
MSS11;THG1
NDT80;SMK1
NDT80;TVP23
NRG1;ENA1
NRG1;FMC1
NRG1;GAL1
NRG1;GAL10
NRG1;RPI1
NRG1;RSB1
NRG1;SED1
NRG1;SGA1
NRG1;STA1
NRG1;SUC2
NRG1;SFG1
NRG1;ELO1
NRG1;GAL7
NRG1;GSY1
NRG1;HXT6
NRG1;ICY1
NRG1;IDH2
NRG1;PRY3
NRG1;RSM10
NRG1;SHC1
NRG1;SYC1
NRG1;XBP1
NRG1;YGR050C
NRG1;YHR033W
NRG1;AFG2
NRG1;PHO89
NRG1;ISU2
OAF1;ANT1
OAF1;CTA1
OAF1;IDP2
OAF1;IZH2
OAF1;POX1
OAF1;UME6
OAF1;GLC3
OAF1;YJR071W
OAF1;SWI1
OAF1;ADH2
OAF1;CMK2
OAF1;CUP9
OAF1;TPS1
OAF1;IPT1
OAF1;AIM17
OAF1;RTS3
OAF1;ASK1
OAF1;ATG19
OAF1;MDY2
OAF1;RSB1
OAF1;TIM50
OAF1;PRE6
OAF1;CWP2
OAF1;TOS8
PDC2;PDC5
PDR1;HXK1
PDR1;ICT1
PDR1;IPT1
PDR1;PDR15
PDR1;PDR16
PDR1;PDR3
PDR1;PDR5
PDR1;PNC1
PDR1;RPL13A
PDR1;RPN4
PDR1;RSB1
PDR1;PAH1
PDR1;SNQ2
PDR1;TDH1
PDR1;TPO1
PDR1;YCR061W
PDR1;IGD1
PDR1;YGR035C
PDR1;RTC3
PDR1;YMR102C
PDR1;FTR1
PDR1;HOR7
PDR1;HXT3
PDR1;KCC4
PDR1;MAE1
PDR1;MDH2
PDR1;ROK1
PDR1;STF2
PDR1;HBT1
PDR1;AIM17
PDR1;YLR252W
PDR1;YNL134C
PDR1;DCS2
PDR1;VTC3
PDR1;GDB1
PDR1;ZEO1
PDR1;YDR134C
PDR1;RTS3
PDR1;HSP78
PDR1;YOR342C
PDR1;NCE102
PDR1;CWP1
PDR1;BUD27
PDR1;GAC1
PDR1;YAP5
PDR1;DIP5
PDR1;PUT4
PDR1;ALD4
PDR1;PRR2
PDR1;YCL042W
PDR1;ZWF1
PDR1;YOL029C
PDR1;PYC1
PDR1;FLR1
PDR1;HSP31
PDR1;PSF1
PDR1;DUR3
PDR1;NAM8
PDR1;YLL067C
PDR1;CDC20
PDR1;FRS1
PDR1;HXT7
PDR1;TS(AGA)D3
PDR3;ICT1
PDR3;IPT1
PDR3;PDR10
PDR3;PDR15
PDR3;PDR16
PDR3;PDR5
PDR3;SNQ2
PDR3;TPO1
PDR3;BDH2
PDR3;YGP1
PDR3;YGR035C
PDR3;CIS1
PDR3;YMR102C
PDR3;YOR1
PDR3;LDB7
PDR3;UTP14
PDR3;ATG34
PDR3;RTS3
PDR3;HXT3
PDR3;TPS2
PDR3;UTP20
PDR3;CAP1
PDR3;HOR7
PDR3;PUT4
PDR3;FUI1
PDR3;YOL029C
PDR3;BCP1
PDR3;EFB1
PDR3;GLK1
PDR3;CAR2
PDR3;SIL1
PDR3;DED1
PDR3;PDR3
PHD1;GIC2
PHD1;UTR4
PHD1;SCW4
PHD1;ATR1
PHD1;CMR3
PHD1;SOR1
PHD1;CAM1
PHD1;DIG1
PHD1;HOG1
PHD1;OXA1
PHD1;PRY2
PHD1;RPL3
PHD1;SNA2
PHD1;TIR1
PHD1;YOL019W
PHD1;WTM1
PHD1;TIP1
PHD1;CIS3
PHD1;YMR304C-A
PHD1;SCW10
PHD1;MTC2
PHD1;PIR1
PHD1;PHD1
PHO2;ADE1
PHO2;ADE17
PHO2;ADE2
PHO2;ADE3
PHO2;ADE4
PHO2;ADE5,7
PHO2;ARP5
PHO2;GCS1
PHO2;HIS4
PHO2;PHO5
PHO2;PHO84
PHO2;SES1
PHO2;FMP33
PHO2;TAF12
PHO2;ZRT1
PHO2;SPL2
PHO2;MRPL4
PHO2;PEP5
PHO2;MCH4
PHO2;HSP82
PHO2;SFT1
PHO2;PRE6
PHO2;RPL5
PHO4;CRZ1
PHO4;PHO8
PHO4;PHO81
PHO4;PHO84
PHO4;PHO85
PHO4;PHO86
PHO4;PUP2
PHO4;SPL2
PHO4;VTC1
PHO4;VTC2
PHO4;VTC3
PHO4;VTC4
PHO4;KXD1
PHO4;QDR2
PHO4;GDE1
PHO4;DFM1
PHO4;ENO1
PHO4;ARO9
PHO4;YGP1
PHO4;HXT10
PHO4;CUP1-2
PHO4;SEH1
PHO4;HXT7
PHO4;ALD5
PHO4;ARO2
PHO4;CIS3
PHO4;CLN3
PHO4;GPD1
PHO4;HXT6
PHO4;LEU4
PHO4;FLO11
PHO4;OCH1
PHO4;OPI3
PHO4;PHO87
PHO4;PLB3
PHO4;RPS4A
PHO4;SUR2
PHO4;URA3
PHO4;TIP1
PIP2;IDP2
PIP2;IZH2
PIP2;POX1
PIP2;TPD3
PIP2;GAL10
PIP2;VMA2
PIP2;CTA1
PIP2;GLC3
PIP2;POT1
PIP2;YJR020W
PIP2;FRE3
PIP2;SEC59
PIP2;HMS2
PIP2;CMR3
PIP2;ACS2
PIP2;YCL065W
PIP2;IPT1
PIP2;CTS1
PIP2;TUB3
PIP2;SKG6
PIP2;HSP150
PIP2;MVD1
PIP2;ERG11
PIP2;PTP2
PIP2;HXT5
PPR1;URA1
PPR1;URA4
PUT3;PUT2
PUT3;MCH5
PUT3;ADH7
PUT3;DSF1
PUT3;YGL072C
PUT3;YGR176W
PUT3;AIM46
PUT3;RPN10
PUT3;PSR1
PUT3;TIS11
PUT3;FRE1
PUT3;ATR1
PUT3;DBP2
PUT3;VPS73
PUT3;SFG1
RAP1;ADE5,7
RAP1;ADE8
RAP1;ADH1
RAP1;ADH3
RAP1;ASC1
RAP1;BCY1
RAP1;CAF40
RAP1;CAR1
RAP1;CAR2
RAP1;CCW12
RAP1;CDC19
RAP1;CFT1
RAP1;CSR2
RAP1;CTS1
RAP1;DUS3
RAP1;ENO1
RAP1;ENO2
RAP1;ERG5
RAP1;FAS1
RAP1;FAS2
RAP1;FBA1
RAP1;FRS2
RAP1;GAT1
RAP1;GDS1
RAP1;GEA2
RAP1;GLY1
RAP1;GPD1
RAP1;GPD2
RAP1;GPM1
RAP1;HIS4
RAP1;HOM6
RAP1;HYP2
RAP1;KES1
RAP1;LCB3
RAP1;MRP13
RAP1;MRPL49
RAP1;MSR1
RAP1;NEW1
RAP1;NMD5
RAP1;NSR1
RAP1;PDC1
RAP1;PFK27
RAP1;PGK1
RAP1;PHO5
RAP1;PPH22
RAP1;PRO1
RAP1;PTK2
RAP1;QDR2
RAP1;ALG3
RAP1;GPP1
RAP1;RNR2
RAP1;RPL10
RAP1;RPL11A
RAP1;RPL11B
RAP1;RPL12A
RAP1;RPL12B
RAP1;RPL13A
RAP1;RPL13B
RAP1;RPL14A
RAP1;RPL14B
RAP1;RPL15A
RAP1;RPL15B
RAP1;RPL16A
RAP1;RPL16B
RAP1;RPL17A
RAP1;RPL17B
RAP1;RPL18A
RAP1;RPL18B
RAP1;RPL19A
RAP1;RPL19B
RAP1;RPL1A
RAP1;RPL1B
RAP1;RPL20A
RAP1;RPL20B
RAP1;RPL21A
RAP1;RPL21B
RAP1;RPL22A
RAP1;RPL22B
RAP1;RPL23A
RAP1;RPL23B
RAP1;RPL24A
RAP1;RPL24B
RAP1;RPL25
RAP1;RPL26A
RAP1;RPL26B
RAP1;RPL27A
RAP1;RPL27B
RAP1;RPL28
RAP1;RPL29
RAP1;RPL2A
RAP1;RPL2B
RAP1;RPL3
RAP1;RPL30
RAP1;RPL31A
RAP1;RPL32
RAP1;RPL33A
RAP1;RPL33B
RAP1;RPL34A
RAP1;RPL34B
RAP1;RPL35A
RAP1;RPL36A
RAP1;RPL36B
RAP1;RPL37A
RAP1;RPL37B
RAP1;RPL38
RAP1;RPL40A
RAP1;RPL40B
RAP1;RPL41B
RAP1;RPL42A
RAP1;RPL42B
RAP1;RPL43A
RAP1;RPL43B
RAP1;RPL4A
RAP1;RPL4B
RAP1;RPL5
RAP1;RPL6A
RAP1;RPL6B
RAP1;RPL7A
RAP1;RPL7B
RAP1;RPL8A
RAP1;RPL8B
RAP1;RPL9A
RAP1;RPL9B
RAP1;RPP0
RAP1;RPP1A
RAP1;RPP1B
RAP1;RPP2A
RAP1;RPP2B
RAP1;RPS0A
RAP1;RPS0B
RAP1;RPS10A
RAP1;RPS10B
RAP1;RPS11B
RAP1;RPS12
RAP1;RPS13
RAP1;RPS14A
RAP1;RPS14B
RAP1;RPS15
RAP1;RPS16B
RAP1;RPS17A
RAP1;RPS17B
RAP1;RPS18A
RAP1;RPS18B
RAP1;RPS19A
RAP1;RPS19B
RAP1;RPS1A
RAP1;RPS1B
RAP1;RPS2
RAP1;RPS20
RAP1;RPS21A
RAP1;RPS21B
RAP1;RPS22A
RAP1;RPS22B
RAP1;RPS23A
RAP1;RPS24A
RAP1;RPS24B
RAP1;RPS25A
RAP1;RPS25B
RAP1;RPS26A
RAP1;RPS26B
RAP1;RPS27A
RAP1;RPS27B
RAP1;RPS28B
RAP1;RPS29A
RAP1;RPS29B
RAP1;RPS3
RAP1;RPS30A
RAP1;RPS31
RAP1;RPS4A
RAP1;RPS4B
RAP1;RPS5
RAP1;RPS6A
RAP1;RPS7A
RAP1;RPS7B
RAP1;RPS8A
RAP1;RPS8B
RAP1;RPS9A
RAP1;RPS9B
RAP1;RSN1
RAP1;SCP1
RAP1;SIP4
RAP1;SNF4
RAP1;SSB1
RAP1;SSF2
RAP1;SST2
RAP1;SUN4
RAP1;TDH2
RAP1;TDH3
RAP1;TEF1
RAP1;TEF2
RAP1;TPI1
RAP1;VMA6
RAP1;SND1
RAP1;UTP6
RAP1;YEL008W
RAP1;YEL023C
RAP1;SLX8
RAP1;VPS73
RAP1;VEL1
RAP1;TIM21
RAP1;YHR033W
RAP1;CIA2
RAP1;CHS7
RAP1;MNL1
RAP1;YJL027C
RAP1;SOP4
RAP1;NNR2
RAP1;CMS1
RAP1;LCL2
RAP1;YRF1-5
RAP1;YNL010W
RAP1;YNL144C
RAP1;YOR292C
RAP1;YOR365C
RAP1;ZEO1
RAP1;ECM13
RAP1;EFB1
RAP1;ERG13
RAP1;FMP48
RAP1;HTB2
RAP1;MET6
RAP1;MMF1
RAP1;MOG1
RAP1;PFK1
RAP1;PGI1
RAP1;PHM6
RAP1;SAM1
RAP1;SFG1
RAP1;SRL1
RAP1;SUR7
RAP1;TEF4
RAP1;TIP20
RAP1;PHO89
RAP1;YGL188C
RAP1;TNA1
RAP1;BNA1
RAP1;HMS2
RAP1;HOT13
RAP1;CWP1
RAP1;YKL177W
RAP1;YLL067C
RAP1;YLR012C
RAP1;AIP1
RAP1;PFK2
RAP1;CSM2
RAP1;FKH2
RAP1;FMT1
RAP1;GLK1
RAP1;HMF1
RAP1;MAE1
RAP1;NUP2
RAP1;PDI1
RAP1;PMP3
RAP1;PRY3
RAP1;PTK1
RAP1;SLD5
RAP1;SUR1
RAP1;YDR187C
RAP1;MIT1
RAP1;YEL045C
RAP1;YFR018C
RAP1;YGR051C
RAP1;YGR176W
RAP1;RGI2
RAP1;YJR146W
RAP1;YKL030W
RAP1;YKL097C
RAP1;YLR076C
RAP1;ZTA1
RAP1;GUT1
RAP1;YLR339C
RAP1;YPL197C
RAP1;FRE1
RAP1;SUE1
RAP1;YCH1
RAP1;BRR1
RAP1;CEX1
RAP1;CHO2
RAP1;CPR4
RAP1;DNM1
RAP1;EGT2
RAP1;EPT1
RAP1;FRE6
RAP1;IPP1
RAP1;MVD1
RAP1;ORC4
RAP1;PDX3
RAP1;PHO88
RAP1;RVS167
RAP1;SSA1
RAP1;TIM8
RAP1;YDR391C
RAP1;YHB1
RAP1;YJL218W
RAP1;YMR027W
RAP1;YNL217W
RAP1;YNR042W
RAP1;ZRC1
RAP1;ARF1
RAP1;ALD5
RAP1;COX11
RAP1;OMA1
RAP1;PMP2
RAP1;SCS2
RAP1;GND1
RAP1;CYC1
RAP1;MDH1
RAP1;BNA5
RAP1;SEC22
RAP1;PHO84
RAP1;MBF1
RAP1;URA3
RAP1;IMD2
RAP1;YPL199C
RAP1;YPL067C
RAP1;YDR094W
RAP1;YAR075W
RAP1;HXK1
RAP1;BAP3
RAP1;WSC2
RAP1;RTN1
RAP1;CPR1
RAP1;ADE16
RAP1;GPP2
RAP1;CIS3
RAP1;YLR179C
RAP1;YKL033W-A
RAP1;YGL159W
RAP1;EGD1
RAP1;HAP4
RAP1;HTZ1
RAP1;YEF3
RAP1;PMA2
RAP1;YDR095C
RAP1;API2
RAP1;ACO1
RAP1;TIM13
RAP1;HTB1
RAP1;SRX1
RAP1;SPE2
RAP1;HTA1
RAP1;THO1
RAP1;TDA1
RAP1;LCB1
RAP1;ILV2
RAP1;YDR417C
RAP1;ECM33
RAP1;RME1
RAP1;TIF34
RAP1;YGR259C
RAP1;YIL001W
RAP1;VRG4
RAP1;EXG1
RAP1;YDL023C
RAP1;ASK10
RAP1;RAP1
AFT1;AKR1
AFT1;COT1
AFT1;FET3
AFT1;FET4
AFT1;FRE4
AFT1;FRE5
AFT1;FRE6
AFT1;FTH1
AFT1;SMF3
AFT1;MRS4
AFT1;APE1
AFT1;UBC8
AFT1;PRP5
AFT1;AAD3
AFT1;MRP10
AFT1;YGL088W
AFT1;MF(ALPHA)2
AFT1;MPC3
AFT1;KGD1
AFT1;SFK1
AFT1;VPS13
AFT1;COX14
AFT1;GCV2
AFT1;CAT8
AFT1;YMR320W
AFT1;PRM1
AFT1;YNR014W
AFT1;ADE2
AFT1;ATH1
AFT1;CLB2
AFT1;YSH1
AFT1;APL5
AFT1;GUP2
AFT1;YCT1
AFT1;REC114
AFT1;YHR138C
AFT1;DDL1
AFT1;AFT1
REB1;ACT1
REB1;CIS3
REB1;HOM2
REB1;HSC82
REB1;VMA16
REB1;PRE3
REB1;REB1
REB1;SEC61
REB1;TEF4
REB1;TKL1
REB1;FMT1
REB1;MPC3
REB1;CSR1
REB1;GCD11
REB1;YIP4
REB1;THR1
REB1;GOS1
REB1;RPT2
REB1;TVP15
REB1;GCG1
REB1;RET2
REB1;YIP1
REB1;HIS5
REB1;QDR2
REB1;NUP192
REB1;ARP3
REB1;YKR011C
REB1;ERG12
REB1;RPL18B
REB1;YNR061C
REB1;SPE2
RFX1;RNR2
RFX1;RNR3
RFX1;RNR4
RFX1;YMR279C
RFX1;FSH3
RFX1;YLR345W
RFX1;ATF1
RFX1;VPS74
RFX1;YFR006W
RFX1;YIR042C
RFX1;FAA4
RFX1;NNR1
RFX1;GCR1
RFX1;RFX1
RGT1;ECM4
RGT1;HXT1
RGT1;HXT2
RGT1;HXT3
RGT1;HXT4
RGT1;MIG3
RGT1;YKR075C
RGT1;YNL234W
RGT1;HXK2
RGT1;POM33
RIM101;FET4
RIM101;NRG1
RIM101;CAF4
RIM101;REG1
RIM101;HSP26
RIM101;PEX34
RIM101;YDR133C
RIM101;RNH202
RIM101;ZIP1
RIM101;PRP3
RIM101;CCM1
RIM101;RPF1
RIM101;PRP21
RIM101;HXT16
RIM101;SOF1
RIM101;YPS3
RIM101;GAT2
RIM101;EAR1
RIM101;HOT1
RIM101;DDR48
RIM101;FRE4
RIM101;PAP2
RIM101;MCH5
RIM101;RKM1
RIM101;ROX1
RIM101;NNF2
RIM101;RSC8
RIM101;RIX7
RIM101;VPS9
RIM101;ERJ5
RLM1;CRM1
RLM1;MLP1
RLM1;RPA34
RLM1;YGP1
RLM1;SFG1
RLM1;ECM19
RLM1;PCL1
RLM1;KDX1
RLM1;SNF2
RLM1;RLM1
ROX1;ANB1
ROX1;COX5B
ROX1;CPR1
ROX1;CYC7
ROX1;DIP5
ROX1;ERG4
ROX1;FET4
ROX1;HEM13
ROX1;HXT15
ROX1;LAC1
ROX1;RPI1
ROX1;YDR042C
ROX1;YHK8
ROX1;YIL102C
ROX1;YIR020C
ROX1;SFG1
ROX1;FLO11
ROX1;CDC19
ROX1;YBL113C
ROX1;TAT1
ROX1;UTR2
ROX1;MSR1
ROX1;HXT9
ROX1;YRF1-5
ROX1;IDH1
ROX1;PHO23
ROX1;YRF1-6
ROX1;HMS1
ROX1;YIL100W
ROX1;TPD3
ROX1;RPN7
ROX1;NVJ3
ROX1;SMF3
ROX1;PCL1
ROX1;YAR028W
ROX1;IXR1
ROX1;ROX1
RPH1;PHR1
RPH1;ADH7
RPH1;OAC1
RPN4;MAG1
RPN4;PRE1
RPN4;PRE6
RPN4;PRE8
RPN4;RAD23
RPN4;RPT4
RPN4;RPT6
RPN4;RPL23A
RPN4;CIT2
RPN4;REG1
RPN4;YPI1
RPN4;RPN11
RPN4;UBP6
RPN4;PRE4
RPN4;UFD1
RPN4;BTN2
RPN4;UFD4
RPN4;PUT3
RPN4;GPX1
RPN4;FRE2
RPN4;RPS22B
RPN4;CUZ1
RPN4;NVJ2
RPN4;YAP1
RPN4;DAP2
RPN4;ERG28
RPN4;KAR4
RPN4;RPN5
RPN4;PEX34
RPN4;PGK1
RPN4;AHC2
RPN4;CDC39
RPN4;RPN6
RPN4;YDL144C
RPN4;ARO1
RPN4;RQC1
RPN4;DXO1
RPN4;RPT3
RPN4;RPN9
RPN4;RPN3
RPN4;PUP3
RPN4;SCL1
RPN4;ERG4
RPN4;PDR1
RPN4;NAB2
RPN4;XRN1
RPN4;GCN1
RPN4;PRE9
RPN4;HSV2
RPN4;PUP2
RPN4;RPN2
RPN4;CSS1
RPN4;PRE3
RPN4;DEF1
RPN4;RPT1
RPN4;YKT6
RPN4;UBA1
RPN4;GSF2
RPN4;DSK2
RPN4;YRF1-6
RPN4;SGT2
RPN4;GCD1
RPN4;RPN8
RPN4;RKM1
RTG3;ACO1
RTG3;IDH1
RTG3;HSP42
RTG3;RNH202
RTG3;URA1
RTG3;YMC2
RTG3;HMRA2
RTG3;LYS20
RTG3;SED1
RTG3;SMT3
RTG3;BTN2
RTG3;ARG4
RTG3;YLR049C
RTG3;YMR178W
RTG3;CIT1
SFL1;STA1
SFL1;FLO11
SFL1;AQY2
SFP1;BAP2
SFP1;ENA2
SFP1;RPA34
SFP1;RPB5
SFP1;RPL10
SFP1;RPL11B
SFP1;RPL12A
SFP1;RPL12B
SFP1;RPL13A
SFP1;RPL13B
SFP1;RPL14A
SFP1;RPL14B
SFP1;RPL15A
SFP1;RPL15B
SFP1;RPL16A
SFP1;RPL16B
SFP1;RPL17A
SFP1;RPL17B
SFP1;RPL18A
SFP1;RPL18B
SFP1;RPL19A
SFP1;RPL1A
SFP1;RPL1B
SFP1;RPL20A
SFP1;RPL20B
SFP1;RPL21A
SFP1;RPL21B
SFP1;RPL22A
SFP1;RPL23A
SFP1;RPL23B
SFP1;RPL24A
SFP1;RPL24B
SFP1;RPL26A
SFP1;RPL26B
SFP1;RPL27A
SFP1;RPL27B
SFP1;RPL28
SFP1;RPL2A
SFP1;RPL2B
SFP1;RPL3
SFP1;RPL30
SFP1;RPL31B
SFP1;RPL32
SFP1;RPL33A
SFP1;RPL33B
SFP1;RPL34A
SFP1;RPL34B
SFP1;RPL35A
SFP1;RPL35B
SFP1;RPL36A
SFP1;RPL37A
SFP1;RPL37B
SFP1;RPL39
SFP1;RPL40A
SFP1;RPL40B
SFP1;RPL41A
SFP1;RPL42A
SFP1;RPL43A
SFP1;RPL43B
SFP1;RPL4A
SFP1;RPL4B
SFP1;RPL5
SFP1;RPL6A
SFP1;RPL6B
SFP1;RPL7A
SFP1;RPL7B
SFP1;RPL8B
SFP1;RPL9A
SFP1;RPL9B
SFP1;RPP0
SFP1;RPP1A
SFP1;RPP1B
SFP1;RPP2B
SFP1;RPS0A
SFP1;RPS10B
SFP1;RPS11A
SFP1;RPS11B
SFP1;RPS12
SFP1;RPS13
SFP1;RPS14A
SFP1;RPS14B
SFP1;RPS15
SFP1;RPS16A
SFP1;RPS16B
SFP1;RPS17A
SFP1;RPS17B
SFP1;RPS18A
SFP1;RPS19A
SFP1;RPS19B
SFP1;RPS1A
SFP1;RPS1B
SFP1;RPS2
SFP1;RPS20
SFP1;RPS21A
SFP1;RPS21B
SFP1;RPS22B
SFP1;RPS23A
SFP1;RPS23B
SFP1;RPS24A
SFP1;RPS24B
SFP1;RPS25A
SFP1;RPS25B
SFP1;RPS26A
SFP1;RPS26B
SFP1;RPS27B
SFP1;RPS28A
SFP1;RPS28B
SFP1;RPS29A
SFP1;RPS29B
SFP1;RPS3
SFP1;RPS30A
SFP1;RPS30B
SFP1;RPS31
SFP1;RPS4A
SFP1;RPS4B
SFP1;RPS5
SFP1;RPS6A
SFP1;RPS6B
SFP1;RPS7A
SFP1;RPS7B
SFP1;RPS8A
SFP1;RPS8B
SFP1;RPS9A
SFP1;RPS9B
SFP1;SEC16
SFP1;SWI5
SFP1;UTH1
SFP1;CSN9
SFP1;NVJ3
SFP1;YJL068C
SFP1;LEU9
SFP1;YPL034W
SFP1;RTC6
SFP1;MRN1
SFP1;RPL36B
SFP1;GRS1
SFP1;RPO31
SFP1;ESF2
SFP1;PRS4
SFP1;YBL070C
SFP1;PCH2
SFP1;NTC20
SFP1;YBR190W
SFP1;SRF1
SFP1;CTH1
SFP1;YGR117C
SFP1;HIP1
SFP1;KAR2
SFP1;TAD2
SFP1;LCB3
SFP1;GPX1
SFP1;KDX1
SFP1;RPS18B
SFP1;HSC82
SFP1;RIA1
SFP1;MER1
SFP1;SFG1
SFP1;RPL11A
SFP1;PRE2
SFP1;RPL22B
SFP1;RPL8A
SFP1;SLX8
SFP1;BXI1
SFP1;PMA2
SFP1;MGM101
SFP1;FUN26
SFP1;SEC10
SFP1;TIM23
SFP1;YGL101W
SFP1;ELP3
SFP1;ZWF1
SFP1;MOT1
SFP1;RXT3
SFP1;UGO1
SFP1;PHO91
SFP1;PRP3
SFP1;YKL177W
SFP1;FAU1
SFP1;SIR1
SFP1;ADH2
SFP1;VIK1
SFP1;RPL29
SFP1;RPL38
SFP1;RPS27A
SFP1;RPL25
SIP4;PCK1
SIP4;DMA2
SIP4;MLS1
SIP4;OYE2
SIP4;TFB2
SIP4;HMO1
SKN7;AHP1
SKN7;BAT2
SKN7;CCP1
SKN7;CIS3
SKN7;CLN1
SKN7;CTT1
SKN7;DDR48
SKN7;DPS1
SKN7;GPX2
SKN7;GSH1
SKN7;GSH2
SKN7;HSP12
SKN7;MFA2
SKN7;MRPL4
SKN7;OCH1
SKN7;PTR2
SKN7;SCW10
SKN7;SOD1
SKN7;TIR1
SKN7;TSA1
SKN7;TSA2
SKN7;UTH1
SKN7;SNA2
SKN7;NEM1
SKN7;CWP2
SKN7;SHB17
SKN7;GID8
SKN7;YMR173W-A
SKN7;YMR304C-A
SKN7;LYS20
SKN7;CPR1
SKN7;YER152C
SKN7;OXA1
SKN7;FRS2
SKN7;PMA1
SKN7;PIL1
SKN7;SCW4
SKN7;POR2
SKN7;RPI1
SKN7;PRY1
SKN7;UGP1
SKN7;YLR108C
SKN7;MCP2
SKN7;ACO1
SKN7;SUR7
SKN7;PBI2
SKN7;RPS3
SKN7;ARG1
SKN7;ZEO1
SKN7;PUT4
SKN7;CUE4
SKN7;CHC1
SKN7;VTC3
SKN7;HEK2
SKN7;GPP2
SKN7;LYS1
SKN7;RPL3
SKN7;INA1
SKN7;SIS1
SKN7;ENV9
SKN7;PLB2
SKN7;PIR1
SKN7;ADO1
SKN7;PSA1
SKN7;RPL15B
SKN7;PRY2
SKN7;IXR1
SKN7;TDH3
SKO1;AHP1
SKO1;GRE2
SKO1;HAL1
SKO1;SFA1
SKO1;MOT3
SKO1;RHO3
SKO1;CAP1
SKO1;CBP3
SKO1;YCR102C
SKO1;RPC25
SKO1;MCR1
SKO1;PTR2
SKO1;ICS2
SKO1;YML6
SKO1;SWI1
SKO1;CUP9
SKO1;YOR342C
SKO1;REH1
SKO1;RNR4
SKO1;BER1
SKO1;NRM1
SOK2;AAD4
SOK2;ACH1
SOK2;ACS1
SOK2;ASH1
SOK2;ATG11
SOK2;BIO2
SOK2;CRC1
SOK2;CTT1
SOK2;CUE2
SOK2;CUP2
SOK2;DAN4
SOK2;DCS2
SOK2;DUR3
SOK2;EGT2
SOK2;EMI2
SOK2;FAA1
SOK2;FMP48
SOK2;GAC1
SOK2;GDH1
SOK2;GLC3
SOK2;GRE2
SOK2;GRX3
SOK2;GYP1
SOK2;HIR2
SOK2;HMS1
SOK2;GPP2
SOK2;IME1
SOK2;IML1
SOK2;KIN1
SOK2;MON1
SOK2;MSN4
SOK2;NRG1
SOK2;PHB1
SOK2;PMR1
SOK2;RCK1
SOK2;RGS2
SOK2;RPI1
SOK2;RPS27A
SOK2;SCW10
SOK2;SCW11
SOK2;SOR2
SOK2;SPI1
SOK2;STE7
SOK2;STP4
SOK2;TCB1
SOK2;THI13
SOK2;TIP1
SOK2;TPO1
SOK2;TPO2
SOK2;TPO3
SOK2;TPO4
SOK2;TYE7
SOK2;UIP3
SOK2;WSC4
SOK2;YBL029W
SOK2;COM2
SOK2;YFR057W
SOK2;YGR130C
SOK2;ECL1
SOK2;YHR095W
SOK2;YHR202W
SOK2;YKL071W
SOK2;YKL091C
SOK2;ESL2
SOK2;GEX2
SOK2;YET2
SOK2;YMR206W
SOK2;YMR321C
SOK2;YNL040W
SOK2;YOR019W
SOK2;YPS5
SOK2;ZEO1
SOK2;FLO11
SOK2;AFG3
SOK2;AHC1
SOK2;ALD5
SOK2;AQY1
SOK2;ATF2
SOK2;BAP2
SOK2;CCW12
SOK2;CIN5
SOK2;COS4
SOK2;CWP2
SOK2;DOT6
SOK2;EDC2
SOK2;ERG28
SOK2;FAA3
SOK2;FKS3
SOK2;GAT2
SOK2;GID8
SOK2;GIP2
SOK2;HAP4
SOK2;HOS4
SOK2;HSP12
SOK2;HXT11
SOK2;HXT2
SOK2;HXT7
SOK2;HXT8
SOK2;ISF1
SOK2;ISU1
SOK2;IXR1
SOK2;KNH1
SOK2;MDM31
SOK2;MGA1
SOK2;NTH1
SOK2;PDR10
SOK2;PET9
SOK2;PHD1
SOK2;PMP1
SOK2;POG1
SOK2;PRR2
SOK2;PSA1
SOK2;PUP3
SOK2;QCR6
SOK2;SAM3
SOK2;SCM4
SOK2;SCW4
SOK2;SGA1
SOK2;SHC1
SOK2;SNA2
SOK2;SPO20
SOK2;SPS4
SOK2;SSA4
SOK2;TOS8
SOK2;UBC4
SOK2;UBX6
SOK2;UGA4
SOK2;XBP1
SOK2;AIM2
SOK2;BDH2
SOK2;ECM13
SOK2;COR1
SOK2;YBR053C
SOK2;HSP26
SOK2;AAD3
SOK2;YDL038C
SOK2;TPS2
SOK2;YDR134C
SOK2;HXT6
SOK2;YHP1
SOK2;MNN1
SOK2;PIC2
SOK2;RRT13
SOK2;YER158C
SOK2;TMT1
SOK2;YFL064C
SOK2;IGD1
SOK2;YGR079W
SOK2;SOL4
SOK2;YHR097C
SOK2;VHR1
SOK2;GTT1
SOK2;PRY1
SOK2;CWP1
SOK2;PIR1
SOK2;IZH3
SOK2;EXG1
SOK2;ATG39
SOK2;YML131W
SOK2;PEX9
SOK2;AAC1
SOK2;YMR122W-A
SOK2;DDR48
SOK2;RTP1
SOK2;ICY1
SOK2;HOR7
SOK2;AQR1
SOK2;YNL234W
SOK2;PHM7
SOK2;TMC1
SOK2;YOR062C
SOK2;PNS1
SOK2;YOR268C
SOK2;PAU21
SOK2;SKS1
SOK2;FUN19
SOK2;YAR028W
SOK2;SLM4
SOK2;ICS2
SOK2;YBR219C
SOK2;SPO23
SOK2;HSP30
SOK2;IPT1
SOK2;SNF11
SOK2;HSP78
SOK2;SUR2
SOK2;HXT3
SOK2;SAC7
SOK2;GNP1
SOK2;SMT3
SOK2;SOM1
SOK2;UTR5
SOK2;URA3
SOK2;PMP2
SOK2;GPA2
SOK2;PHM8
SOK2;YER053C-A
SOK2;SWI4
SOK2;FTR1
SOK2;RIM8
SOK2;YGR035C
SOK2;YGR125W
SOK2;RTS3
SOK2;ENO1
SOK2;YHL026C
SOK2;YHR033W
SOK2;FSH1
SOK2;HXT4
SOK2;SPS100
SOK2;YHR140W
SOK2;ENO2
SOK2;SKN7
SOK2;CSS1
SOK2;YIL055C
SOK2;PIG2
SOK2;YIR014W
SOK2;ICS3
SOK2;YJR115W
SOK2;PIR3
SOK2;YKL063C
SOK2;ECM4
SOK2;YCT1
SOK2;YLL056C
SOK2;YLR053C
SOK2;NDL1
SOK2;HAP1
SOK2;YLR257W
SOK2;ATP14
SOK2;YLR297W
SOK2;ADI1
SOK2;YMR102C
SOK2;CLN1
SOK2;YMR265C
SOK2;CAT8
SOK2;YNL193W
SOK2;CHS1
SOK2;YNL144C
SOK2;SUN4
SOK2;MAN2
SOK2;EEB1
SOK2;DIG1
SOK2;SWI1
SOK2;CIP1
SOK2;HST2
SOK2;SDD4
SOK2;SAF1
SOK2;PRE9
SOK2;GPA1
SOK2;AAD10
SOK2;RRP7
SOK2;CUP1-2
SOK2;PRE6
SOK2;SER1
SOK2;UBC8
SOK2;VAM3
SOK2;HIT1
SOK2;ERR3
SOK2;MIC27
SOK2;YOR186W
SOK2;YRM1
SOK2;SHY1
SOK2;TOP2
SOK2;FRE7
SOK2;GLN1
SOK2;SOK2
SPT23;OLE1
SPT23;FAA4
SPT23;PHD1
SPT23;SPR1
SPT23;RCN2
SPT23;QCR6
SPT23;SWI1
SPT23;FAA1
SPT23;GDB1
SPT23;BXI1
SPT23;TIP1
SPT23;MRP8
SPT23;PDR12
SPT23;ATG19
SPT23;FES1
SPT23;MDJ1
SPT23;HFD1
SPT23;BTN2
SPT23;CWP1
SPT23;YLR108C
SPT23;YDR209C
SPT23;REX3
SPT23;TMC1
SPT23;MET14
SPT23;HHO1
SPT23;DCS1
SPT23;PLB2
SPT23;AHA1
SPT23;STI1
SPT23;RTK1
SPT23;KIN1
SPT23;SIS1
SPT23;SPT23
STE12;AGA1
STE12;ASG7
STE12;FIG1
STE12;FIG2
STE12;FUS1
STE12;FUS2
STE12;GIC1
STE12;KAR3
STE12;KAR4
STE12;KAR5
STE12;ORC2
STE12;PCL2
STE12;PGM1
STE12;PRM3
STE12;RCK1
STE12;RGA2
STE12;STE2
STE12;TEC1
STE12;YEL1
STE12;YHP1
STE12;YGP1
STE12;CSS1
STE12;YKL097C
STE12;APL3
STE12;ATO3
STE12;CCW12
STE12;COY1
STE12;DAL80
STE12;DFG16
STE12;ERG11
STE12;HAP4
STE12;HMS1
STE12;MGA1
STE12;PET54
STE12;PHD1
STE12;PSA1
STE12;RNR4
STE12;SED1
STE12;SUT1
STE12;CYC3
STE12;YRO2
STE12;AMN1
STE12;HXT13
STE12;VHR2
STE12;ICL1
STE12;SCS2
STE12;PUG1
STE12;HSP12
STE12;ROG3
STE12;CDC20
STE12;MTC6
STE12;CST6
STE12;HXT8
STE12;UTH1
STE12;AVL9
STE12;PRP39
STE12;VTI1
STE12;FSH2
STE12;NIS1
STE12;SEC2
STE12;DDR2
STE12;CSS3
STE12;AUS1
STE12;ROD1
STE12;DIP5
STE12;YAT1
STE12;YBL044W
STE12;ECM33
STE12;TKL2
STE12;LEU2
STE12;PRR2
STE12;LYS20
STE12;YDL183C
STE12;ENA1
STE12;YDR132C
STE12;HIM1
STE12;URA3
STE12;PTP3
STE12;LSM5
STE12;PEA2
STE12;KSS1
STE12;ERG25
STE12;YGR153W
STE12;HIP1
STE12;CRM1
STE12;POG1
STE12;PRK1
STE12;SNP1
STE12;PIR3
STE12;PIR1
STE12;HSL1
STE12;APE1
STE12;IXR1
STE12;MAE1
STE12;AQY2
STE12;FKS1
STE12;PUN1
STE12;SOK2
STE12;MSN2
STE12;FAR3
STE12;SDD2
STE12;ICY1
STE12;NDJ1
STE12;RSB1
STE12;RGS2
STE12;GAC1
STE12;YOR296W
STE12;SUT2
STE12;ABP1
STE12;RNQ1
STE12;MCY1
STE12;PUS2
STE12;TGL4
STE12;FRE2
STE12;VBA3
STE12;MCH2
STE12;MRPL16
STE12;GAL1
STE12;YBR053C
STE12;YBR138C
STE12;MRPL37
STE12;GID7
STE12;PDI1
STE12;PGK1
STE12;CTO1
STE12;HSP30
STE12;YCR061W
STE12;ATG15
STE12;UGX2
STE12;HEM3
STE12;GAL3
STE12;ATG31
STE12;PST1
STE12;AHA1
STE12;MTH1
STE12;LCD1
STE12;RIP1
STE12;UTR5
STE12;IES6
STE12;TCA17
STE12;DSF1
STE12;MIG3
STE12;YER034W
STE12;PHM8
STE12;GIP2
STE12;ALD5
STE12;MET6
STE12;UBP9
STE12;SWI4
STE12;AVT6
STE12;RPS26B
STE12;AGX1
STE12;HAC1
STE12;ZNF1
STE12;DAK2
STE12;PES4
STE12;HIS2
STE12;YGL039W
STE12;OLE1
STE12;YGL101W
STE12;VPS73
STE12;RRT6
STE12;MTC3
STE12;YGL230C
STE12;BUD9
STE12;YGR045C
STE12;TAM41
STE12;NNF2
STE12;CBF2
STE12;SNG1
STE12;YAP1802
STE12;MPC3
STE12;MAL13
STE12;RPL14B
STE12;YHI9
STE12;YHK8
STE12;SPL2
STE12;YHR140W
STE12;PEX28
STE12;YHR177W
STE12;FAA3
STE12;PDR11
STE12;YIL055C
STE12;SGA1
STE12;SDP1
STE12;POT1
STE12;NIT1
STE12;NOP9
STE12;LOH1
STE12;IME2
STE12;CYC1
STE12;JSN1
STE12;SFC1
STE12;YJR120W
STE12;GPM1
STE12;APE2
STE12;SPO75
STE12;PUF3
STE12;SSK1
STE12;RPL22A
STE12;BMT6
STE12;YLR108C
STE12;RNH203
STE12;YLR162W
STE12;SHH4
STE12;HAP1
STE12;HSP60
STE12;CTS1
STE12;ECM38
STE12;ACO1
STE12;TMA10
STE12;NMA1
STE12;FBP1
STE12;ART10
STE12;RRN11
STE12;HXT2
STE12;PAI3
STE12;RPL36A
STE12;YHM2
STE12;RHO2
STE12;MDG1
STE12;YNL190W
STE12;YNL194C
STE12;RTC4
STE12;CAF120
STE12;DSE4
STE12;YNR071C
STE12;HXT17
STE12;MAN2
STE12;YOL014W
STE12;RRI2
STE12;RUP1
STE12;SFL1
STE12;PMA2
STE12;UBP16
STE12;PPQ1
STE12;GRE1
STE12;PDH1
STE12;REC8
STE12;NOC4
STE12;HOS2
STE12;MRH1
STE12;YDR124W
STE12;AMD2
STE12;MRX10
STE12;YEL045C
STE12;YER097W
STE12;YFR006W
STE12;POX1
STE12;YGL034C
STE12;PMA1
STE12;YGR164W
STE12;DSE2
STE12;YHR145C
STE12;LIN1
STE12;KOG1
STE12;AIR1
STE12;SSA2
STE12;TEN1
STE12;YEF3
STE12;YLR334C
STE12;ILV5
STE12;IMD4
STE12;TSA1
STE12;YMR057C
STE12;FET3
STE12;NAT4
STE12;YNL285W
STE12;SUN4
STE12;YNL017C
STE12;ATO2
STE12;GLO4
STE12;YAL004W
STE12;FMP23
STE12;YBR190W
STE12;SNF11
STE12;SLU7
STE12;RAD30
STE12;CDC14
STE12;PTR3
STE12;RRT5
STE12;YFR035C
STE12;YGL072C
STE12;YGR050C
STE12;YCH1
STE12;SNF6
STE12;PCL5
STE12;YIL054W
STE12;YPS6
STE12;AIM22
STE12;SNX4
STE12;YJR146W
STE12;BCH2
STE12;PTR2
STE12;GEX2
STE12;YCS4
STE12;YLR402W
STE12;YLR462W
STE12;UFO1
STE12;PLB1
STE12;YMR122C
STE12;HRP1
STE12;YOR082C
STE12;AMF1
STE12;YPL080C
STE12;YPL067C
STE12;YPL025C
STE12;ICL2
STE12;YPR064W
STE12;SIF2
STE12;SPP381
STE12;YBR225W
STE12;PRP5
STE12;YBR238C
STE12;SHM1
STE12;CFT1
STE12;TRS31
STE12;SOM1
STE12;AIM10
STE12;YGL193C
STE12;PKP2
STE12;YGL052W
STE12;PSD2
STE12;COS8
STE12;DSN1
STE12;YJL213W
STE12;ILV3
STE12;CDC16
STE12;LAS1
STE12;ENT4
STE12;XDJ1
STE12;ICT1
STE12;USB1
STE12;SLX4
STE12;PUS5
STE12;PIG1
STE12;ADD37
STE12;SSN8
STE12;HXT11
STE12;RTS2
STE12;YOR139C
STE12;SPP2
STE12;HES1
STE12;CIN2
STE12;FAS2
STE12;YPL113C
STE12;YPR027C
STE12;DBF20
STE12;ILV6
STE12;YDL023C
STE12;RRG1
STE12;YEL043W
STE12;PTC2
STE12;GCN1
STE12;COX13
STE12;YGR265W
STE12;YGR269W
STE12;AIM18
STE12;MET3
STE12;TES1
STE12;ESL2
STE12;MHT1
STE12;STM1
STE12;NCW2
STE12;YLR416C
STE12;MIX17
STE12;GTO3
STE12;YMR326C
STE12;YNL143C
STE12;YNL019C
STE12;CYT1
STE12;DED1
STE12;YME1
STE12;MRPS35
STE12;STE12
STP1;AGP2
STP1;BAP2
STP1;GCN4
STP1;GNP1
STP1;HEM12
STP1;MUP1
STP1;FDO1
STP1;LYS20
STP1;GLY1
STP1;GIS3
STP1;ORM2
STP1;OAC1
STP2;ADR1
STP2;AGP2
STP2;PMT6
STP2;STE5
STP2;STE2
STP2;HO
SUM1;BNA1
SUM1;BNA2
SUM1;CDA1
SUM1;DAL1
SUM1;DTR1
SUM1;FIG1
SUM1;GAS2
SUM1;HXT14
SUM1;OSW1
SUM1;PES4
SUM1;SMK1
SUM1;SPO74
SUM1;SPR3
SUM1;SPS1
SUM1;SPS2
SUM1;SPS4
SUM1;STE3
SUM1;TNA1
SUM1;YGL138C
SUM1;IRC18
SUM1;LOH1
SUM1;YJL043W
SUM1;YJR079W
SUM1;SPO75
SUM1;YOL024W
SUM1;YOR365C
SUM1;GND1
SUM1;HSP82
SUM1;SPS18
SUM1;SUM1
SWI4;BUD9
SWI4;CIS3
SWI4;CLB1
SWI4;CLN1
SWI4;CLN2
SWI4;CWP1
SWI4;CWP2
SWI4;ELO1
SWI4;EXG1
SWI4;GIC2
SWI4;HCM1
SWI4;HHF2
SWI4;HHO1
SWI4;HHT2
SWI4;HO
SWI4;HXT11
SWI4;MSB2
SWI4;NDD1
SWI4;PCL1
SWI4;PCL2
SWI4;PDR1
SWI4;PLM2
SWI4;SIM1
SWI4;SPT21
SWI4;SRL1
SWI4;SVS1
SWI4;YDR134C
SWI4;YDR222W
SWI4;SNA2
SWI4;TOS4
SWI4;TOS6
SWI4;NRM1
SWI4;YOR248W
SWI4;YOX1
SWI4;AGA1
SWI4;HTA1
SWI4;HTA2
SWI4;HTB1
SWI4;MNN1
SWI4;CLB5
SWI4;PRY2
SWI4;MOT3
SWI4;SUT2
SWI4;FDO1
SWI4;ABF2
SWI4;CPR8
SWI4;EMG1
SWI4;HXK2
SWI4;TRM2
SWI4;PHD1
SWI4;PLB2
SWI4;FTR1
SWI4;YHB1
SWI4;CSI2
SWI4;ATF1
SWI4;YGR035C
SWI4;PUB1
SWI4;MDH2
SWI4;SUN4
SWI4;LRO1
SWI4;SWI4
SWI5;BUD9
SWI5;CDC6
SWI5;CRH1
SWI5;DLD1
SWI5;ENO1
SWI5;GDH3
SWI5;HBT1
SWI5;HO
SWI5;MRPL4
SWI5;NIS1
SWI5;PCL2
SWI5;PCL9
SWI5;PIR3
SWI5;PRY3
SWI5;PST1
SWI5;TEC1
SWI5;TSL1
SWI5;YDR543C
SWI5;YER079W
SWI5;IGD1
SWI5;YGL140C
SWI5;YHR138C
SWI5;YLR012C
SWI5;YLR049C
SWI5;CIS1
SWI5;YNL337W
SWI5;YRF1-2
SWI5;YRF1-3
SWI5;YRF1-4
SWI5;FUN26
SWI5;YBR071W
SWI5;YDL114W
SWI5;CYK3
SWI5;HEM25
SWI5;NCB2
SWI5;YFL063W
SWI5;DDR48
SWI5;DSE2
SWI5;ISR1
SWI5;FOB1
SWI5;LAP3
SWI5;AIM21
SWI5;YNL338W
SWI5;HSP12
SWI5;FLO9
SWI5;VCX1
SWI5;YBL109W
SWI5;YNL033W
SWI5;VBA3
SWI5;PUT4
SWI5;YIL174W
TEC1;CLN1
TEC1;DDR48
TEC1;TKL2
TEC1;YLR042C
TEC1;APL3
TEC1;AQY1
TEC1;ARG1
TEC1;CDC24
TEC1;DAL80
TEC1;DUR3
TEC1;FPR4
TEC1;FRE4
TEC1;FTR1
TEC1;FYV6
TEC1;GAC1
TEC1;HMS1
TEC1;HXK1
TEC1;HXT4
TEC1;HXT7
TEC1;KNH1
TEC1;KRE33
TEC1;LYS14
TEC1;MDV1
TEC1;MET28
TEC1;MNN5
TEC1;NAF1
TEC1;PCL2
TEC1;RAD54
TEC1;RHO5
TEC1;RMI1
TEC1;RSB1
TEC1;SFH5
TEC1;SKS1
TEC1;SPO14
TEC1;STB3
TEC1;STP4
TEC1;URA3
TEC1;YAP5
TEC1;YAR010C
TEC1;ADE1
TEC1;FUS3
TEC1;DSF2
TEC1;YBR012W-A
TEC1;YBR012W-B
TEC1;FUS1
TEC1;YCR061W
TEC1;AAD3
TEC1;YDR098C-A
TEC1;YDR274C
TEC1;YDR316W-A
TEC1;HIM1
TEC1;YER137C-A
TEC1;YER189W
TEC1;AGA2
TEC1;PYC1
TEC1;TOS2
TEC1;GPA1
TEC1;YKL097C
TEC1;BPT1
TEC1;VPS38
TEC1;YLR463C
TEC1;YLR465C
TEC1;YRF1-5
TEC1;KAR5
TEC1;FUS2
TEC1;YNL144C
TEC1;MFA2
TEC1;WSC3
TEC1;YPR158W-B
TEC1;ECM13
TEC1;YBL044W
TEC1;YBL029W
TEC1;RRN6
TEC1;UTP20
TEC1;FUR4
TEC1;PHO5
TEC1;TBS1
TEC1;PAU24
TEC1;CWH43
TEC1;LYS20
TEC1;YDL183C
TEC1;RSM10
TEC1;NRG1
TEC1;YDR132C
TEC1;GCD6
TEC1;HXT6
TEC1;ECM11
TEC1;ADA2
TEC1;GNP1
TEC1;NPR2
TEC1;MIT1
TEC1;YER137C
TEC1;YER138W-A
TEC1;RGD2
TEC1;EMP47
TEC1;HSP12
TEC1;RCK1
TEC1;TIP20
TEC1;KSS1
TEC1;PAU12
TEC1;YHL044W
TEC1;YHR033W
TEC1;CDC6
TEC1;SET4
TEC1;ALY2
TEC1;BNA1
TEC1;YMR1
TEC1;RSM7
TEC1;YJR115W
TEC1;RSF2
TEC1;BAT2
TEC1;APE1
TEC1;SFT1
TEC1;AQY2
TEC1;IZH3
TEC1;YLR053C
TEC1;MET17
TEC1;DUS3
TEC1;RPM2
TEC1;VPS71
TEC1;SOK2
TEC1;SPO20
TEC1;FAR3
TEC1;ICY1
TEC1;RNA1
TEC1;CUS1
TEC1;HOR7
TEC1;YMR265C
TEC1;FKS3
TEC1;FET4
TEC1;SEC21
TEC1;ZWF1
TEC1;YGP1
TEC1;VAC7
TEC1;MSB4
TEC1;NDJ1
TEC1;IRA2
TEC1;SIL1
TEC1;RGS2
TEC1;RGA1
TEC1;PEX27
TEC1;MOD5
TEC1;RAX1
TEC1;FRT1
TEC1;YOR342C
TEC1;YPL257W
TEC1;THI21
TEC1;OYE3
TEC1;RPS9A
TEC1;MOT1
TEC1;SWI1
TEC1;CMR3
TEC1;YPR015C
TEC1;MEP3
TEC1;NCA2
TEC1;TPO3
TEC1;TDA6
TEC1;YRF1-6
TEC1;YPR002C-A
TEC1;YBL107W-A
TEC1;MUM2
TEC1;TEC1
THI2;THI4
THI2;PTR2
THI2;THI7
TOS8;GCN20
TOS8;OPY1
TOS8;RPN10
TOS8;RRP5
TOS8;SMB1
TOS8;YAR068W
TOS8;YML131W
TOS8;YNL234W
TOS8;BAT2
TOS8;UBC6
TYE7;ENO1
TYE7;PAN1
TYE7;SSB1
TYE7;TDH3
TYE7;RRT12
TYE7;CDC19
TYE7;HSL7
TYE7;ADH5
TYE7;ABP1
TYE7;SSY1
TYE7;ADH4
TYE7;NCP1
TYE7;TDH2
TYE7;MET5
TYE7;FBA1
TYE7;VMA5
TYE7;YPS3
TYE7;MSN2
TYE7;YAR068W
UME6;ACS1
UME6;ADY2
UME6;CAR2
UME6;DMC1
UME6;IME4
UME6;INO1
UME6;MEI4
UME6;NDJ1
UME6;RNP1
UME6;SIP4
UME6;SPO13
UME6;SPO16
UME6;SRT1
UME6;IGD1
UME6;YIR014W
UME6;IRC15
UME6;EAF1
UME6;YBL077W
UME6;ATG8
UME6;YCR061W
UME6;UGA4
UME6;PST1
UME6;GAT1
UME6;HFM1
UME6;YGR067C
UME6;MES1
UME6;SPL2
UME6;ARO9
UME6;ULP2
UME6;PAN6
UME6;MEF2
UME6;FOX2
UME6;AVL9
UME6;RED1
UME6;CTS1
UME6;DIF1
UME6;PDS5
UME6;YOL103W-A
UME6;YOL103W-B
UME6;CRC1
UME6;CDC60
UME6;CSM4
UME6;APL4
UME6;ATG32
UPC2;ERG2
XBP1;CLB2
XBP1;CLN3
XBP1;CYS3
XBP1;MRX3
XBP1;SMP1
XBP1;HSP30
XBP1;SED1
XBP1;GIC2
XBP1;YRF1-2
XBP1;YGR035C
XBP1;MGA1
XBP1;WSC4
XBP1;SGA1
XBP1;IMA4
XBP1;IME1
XBP1;HMS2
XBP1;HXT16
XBP1;UTH1
XBP1;YLR042C
XBP1;SAM1
XBP1;SUR7
XBP1;DDR48
XBP1;GYL1
XBP1;SCW10
XBP1;FKS3
XBP1;NCE103
XBP1;TCB2
XBP1;MLS1
XBP1;YPR174C
XBP1;DPB2
XBP1;RCR1
XBP1;RIB7
XBP1;ABP1
XBP1;CDC39
XBP1;FAD1
XBP1;DLD2
XBP1;GGC1
XBP1;PMP2
XBP1;RAD23
XBP1;SPO73
XBP1;COM2
XBP1;GCG1
XBP1;TOG1
XBP1;IES1
XBP1;COS6
XBP1;YIL108W
XBP1;YIL166C
XBP1;IRC8
XBP1;PRY3
XBP1;RBH2
XBP1;ATP2
XBP1;IXR1
XBP1;MCD4
XBP1;DPS1
XBP1;HIF1
XBP1;IZH3
XBP1;HOG1
XBP1;URA10
XBP1;YMR315W-A
XBP1;ALF1
XBP1;FMP41
XBP1;PSD1
XBP1;CHS1
XBP1;ADE12
XBP1;COQ2
XBP1;MVD1
XBP1;REX4
XBP1;RRI2
XBP1;ASE1
XBP1;PDR5
XBP1;SPS4
XBP1;SFG1
XBP1;CLN2
XBP1;RPA135
XBP1;ASN1
XBP1;PIS1
XBP1;DOG2
YAP1;AAD15
YAP1;AAD6
YAP1;AHP1
YAP1;ALD6
YAP1;ARG5,6
YAP1;ATR1
YAP1;CCP1
YAP1;CLB1
YAP1;CYS3
YAP1;DDR48
YAP1;ECM4
YAP1;FRM2
YAP1;GLR1
YAP1;GLT1
YAP1;GPX2
YAP1;GRE2
YAP1;GSH1
YAP1;HSP104
YAP1;HSP12
YAP1;HSP78
YAP1;ISU2
YAP1;APE1
YAP1;LYS20
YAP1;MRPL4
YAP1;OYE2
YAP1;OYE3
YAP1;RPL10
YAP1;RPL37B
YAP1;RPS10B
YAP1;RPS13
YAP1;SAP185
YAP1;YIL168W
YAP1;SNQ2
YAP1;SOD1
YAP1;SSA1
YAP1;TDH3
YAP1;TRR1
YAP1;TRX2
YAP1;TSA1
YAP1;TSA2
YAP1;GRX2
YAP1;UTR2
YAP1;WSC4
YAP1;YCF1
YAP1;PRM7
YAP1;YDL124W
YAP1;HSP31
YAP1;ICP55
YAP1;YER079W
YAP1;YHR214C-B
YAP1;YJR027W
YAP1;YCT1
YAP1;BUD20
YAP1;YLR108C
YAP1;CIS1
YAP1;LSM3
YAP1;YLR460C
YAP1;YML131W
YAP1;YMR315W
YAP1;YNL134C
YAP1;LTO1
YAP1;AIF1
YAP1;MCH4
YAP1;SFG1
YAP1;ZWF1
YAP1;AFG1
YAP1;AGP3
YAP1;ARR3
YAP1;ASE1
YAP1;BTN2
YAP1;IBA57
YAP1;CEM1
YAP1;CIN5
YAP1;CYC1
YAP1;FMP25
YAP1;FPR1
YAP1;GPT2
YAP1;GYP8
YAP1;HOG1
YAP1;HXT11
YAP1;LEU4
YAP1;CCS1
YAP1;MAE1
YAP1;MAK10
YAP1;MMT1
YAP1;MSN1
YAP1;NRG2
YAP1;PCD1
YAP1;PDR5
YAP1;RCR2
YAP1;RHO5
YAP1;ROX1
YAP1;SER1
YAP1;SIP18
YAP1;SNG1
YAP1;SRX1
YAP1;STP4
YAP1;TRP4
YAP1;YCR102C
YAP1;RTK1
YAP1;YDR132C
YAP1;YHB1
YAP1;RTC3
YAP1;UTP25
YAP1;YLL056C
YAP1;YLR297W
YAP1;ATG40
YAP1;YRR1
YAP1;ECM38
YAP1;EGT2
YAP1;GSY2
YAP1;GTO1
YAP1;HAP1
YAP1;HSP26
YAP1;MET16
YAP1;PKH2
YAP1;PSF1
YAP1;SRP40
YAP1;TDH1
YAP1;HEK2
YAP1;RIB1
YAP1;YRO2
YAP1;YBR099C
YAP1;HSP30
YAP1;ENA1
YAP1;IES6
YAP1;FRD1
YAP1;RGI1
YAP1;SSA4
YAP1;STE2
YAP1;RPL1B
YAP1;MRM2
YAP1;ARO8
YAP1;YGP1
YAP1;YGR011W
YAP1;ERG25
YAP1;ZPR1
YAP1;SOL4
YAP1;PRM5
YAP1;ADO1
YAP1;CPA2
YAP1;RPS5
YAP1;SSA2
YAP1;RPL26A
YAP1;RPS22B
YAP1;FDO1
YAP1;YMR173W-A
YAP1;EGO4
YAP1;MF(ALPHA)1
YAP1;CMR3
YAP1;PST1
YAP1;HHF2
YAP1;SED1
YAP1;RPS3
YAP1;CMR2
YAP1;YJR026W
YAP1;CWC23
YAP1;PAU3
YAP1;ADE1
YAP1;PAU15
YAP1;HHT1
YAP1;RPP2B
YAP1;ADE12
YAP1;MSC1
YAP1;PUF6
YAP1;RPL19B
YAP1;INA1
YAP1;VTC2
YAP1;RPS23A
YAP1;YBR053C
YAP1;ANB1
YAP1;ZEO1
YAP1;YBL028C
YAP1;RPF2
YAP1;YLR345W
YAP1;HSP150
YAP1;HO
YAP1;ERG28
YAP1;PHM7
YAP1;EFB1
YAP1;DDP1
YAP1;FAA4
YAP1;RDL1
YAP1;SWI5
YAP1;RPL4B
YAP1;UFO1
YAP1;FZO1
YAP1;RPS4A
YAP1;SNZ1
YAP1;ARO9
YAP1;HXT5
YAP1;CDC1
YAP1;ARG4
YAP1;TFS1
YAP1;MUP3
YAP1;DOA4
YAP1;MET6
YAP1;GCV2
YAP1;UGX2
YAP1;FRE2
YAP1;SDL1
YAP1;COX15
YAP1;CDC34
YAP1;HER1
YAP1;YTA12
YAP1;ZTA1
YAP1;USA1
YAP1;NAR1
YAP1;ISA2
YAP1;TKL2
YAP1;ARG1
YAP1;ECM13
YAP1;PTM1
YAP1;CFD1
YAP1;CYS4
YAP1;YGR069W
YAP1;NTG1
YAP1;HAP4
YAP1;AIM19
YAP1;ARE2
YAP1;ICY1
YAP1;YKL066W
YAP1;SSP120
YAP1;DAP1
YAP1;HIS5
YAP1;CPT1
YAP1;PIR5
YAP1;ARO80
YAP1;NCA3
YAP1;IFH1
YAP1;GND1
YAP1;YPR064W
YAP1;FIT1
YAP1;MSF1
YAP1;GTR1
YAP1;BCP1
YAP1;YPL062W
YAP1;YLR366W
YAP1;FRE7
YAP1;TMA46
YAP1;UTP20
YAP1;MRH1
YAP1;SUR2
YAP1;HPT1
YAP1;YGL117W
YAP1;ERG11
YAP1;ACO1
YAP1;ERG5
YAP1;BSC5
YAP1;YOR385W
YAP1;ATG41
YAP1;ALD5
YAP1;ATP14
YAP1;CCW12
YAP1;CRH1
YAP1;DCS2
YAP1;EHT1
YAP1;ERG6
YAP1;FMP48
YAP1;GAP1
YAP1;KEL2
YAP1;OLA1
YAP1;PAU6
YAP1;PIG2
YAP1;RIB3
YAP1;RPL26B
YAP1;SAS4
YAP1;SCW10
YAP1;SPS4
YAP1;TIR4
YAP1;TYE7
YAP1;UBA3
YAP1;WHI2
YAP1;YDL121C
YAP1;MIT1
YAP1;YHL044W
YAP1;RGI2
YAP1;CSS1
YAP1;YJL047C-A
YAP1;YJL052C-A
YAP1;YJR011C
YAP1;YKR041W
YAP1;YML007C-A
YAP1;YPL277C
YAP1;YPR078C
YAP1;YPR202W
YAP1;DIA1
YAP1;HBT1
YAP1;CUE2
YAP1;PNS1
YAP1;IRC15
YAP1;DDR2
YAP1;NOC3
YAP1;NMD3
YAP1;SYO1
YAP1;NOP2
YAP1;PRM1
YAP1;DSE1
YAP1;TDA6
YAP1;ALK2
YAP1;YOL153C
YAP1;UTP10
YAP1;BUD3
YAP1;YLR255C
YAP1;TSR2
YAP1;PWP2
YAP1;CSN9
YAP1;YNL194C
YAP1;UIP4
YAP1;DBP8
YAP1;POM33
YAP1;YLR252W
YAP1;YBR238C
YAP1;TOD6
YAP1;ADE5,7
YAP1;YGR079W
YAP1;NOP7
YAP1;CIC1
YAP1;DAN1
YAP1;LTV1
YAP1;UTP13
YAP1;ADE4
YAP1;NOP15
YAP1;CLB2
YAP1;BNA2
YAP1;YAP1
CAD1;GDH3
CAD1;PTM1
CAD1;RPF1
CAD1;SNQ2
CAD1;FRM2
CAD1;SRX1
CAD1;YMR196W
CAD1;YNL115C
CAD1;MCH4
CAD1;ALD3
CAD1;GND2
CAD1;HSP26
CAD1;MSC1
CAD1;NQM1
CAD1;MGA1
CAD1;RHO3
CAD1;RHO5
CAD1;TMA17
CAD1;HSP31
CAD1;CMR3
CAD1;TTI1
CAD1;ERG8
CAD1;SEY1
CAD1;AIM17
CAD1;OAC1
CAD1;YLR177W
CAD1;RLM1
CAD1;HBT1
CIN5;MID2
CIN5;SED1
CIN5;YDR338C
CIN5;YJR146W
CIN5;RMA1
CIN5;ATR1
CIN5;BGL2
CIN5;GLY1
CIN5;TDH3
CIN5;YHL045W
CIN5;YIL171W
CIN5;ACO1
CIN5;FAA1
CIN5;FIT2
CIN5;CMR3
CIN5;KRE6
CIN5;WTM2
CIN5;MEP1
CIN5;RTS3
CIN5;SIM1
CIN5;YBR178W
CIN5;YKL131W
CIN5;DSE1
CIN5;SSE2
CIN5;PIR3
CIN5;PET10
CIN5;YMR196W
CIN5;YHR177W
CIN5;YHR210C
CIN5;PRY1
CIN5;BAT2
CIN5;PUB1
CIN5;SUN4
CIN5;KEX1
CIN5;IMD3
CIN5;LAP3
CIN5;GAL3
CIN5;SCW4
CIN5;KAE1
CIN5;ALT1
CIN5;ADE16
CIN5;RPP0
CIN5;PFK27
CIN5;GND1
CIN5;TIP1
CIN5;KES1
CIN5;PHO84
CIN5;WSC2
CIN5;MAL11
CIN5;ENO1
CIN5;LCB1
CIN5;SUC2
CIN5;PTR2
CIN5;CBF2
CIN5;PFK2
CIN5;IXR1
CIN5;ADH5
CIN5;MET17
CIN5;SRL1
CIN5;TEF2
CIN5;TKL1
CIN5;PIR1
CIN5;YOR186W
YAP5;ARG4
YAP5;BFR1
YAP5;FES1
YAP5;IME2
YAP5;PES4
YAP5;PHR1
YAP5;SLX8
YAP5;YGR168C
YAP5;YRF1-6
YAP5;YRF1-7
YAP5;YBL112C
YHP1;HMRA2
YHP1;ARN1
YHP1;BNA4
YHP1;MCM4
YHP1;DBF2
YHP1;ERP5
YHP1;HST4
YHP1;IQG1
YHP1;KIN3
YHP1;MCM3
YHP1;RFA1
YHP1;SAM4
YHP1;SUL1
YHP1;YAR009C
YHP1;CMR1
YHP1;YLL066C
YHP1;YLL067C
YHP1;ACM1
YHP1;YRF1-6
YHP1;ATG39
YHP1;GLN1
YHP1;SAM3
YHP1;SMC1
YOX1;BPH1
YOX1;BUR6
YOX1;CDC20
YOX1;MCM5
YOX1;CDC5
YOX1;CLB6
YOX1;CLN2
YOX1;CLN3
YOX1;DBF2
YOX1;DSE4
YOX1;GDH3
YOX1;HHF2
YOX1;HST4
YOX1;KIN3
YOX1;MOB1
YOX1;MUP3
YOX1;NMA2
YOX1;PMP1
YOX1;PTR2
YOX1;RAD51
YOX1;RAD54
YOX1;ROM1
YOX1;SPO12
YOX1;SSB2
YOX1;VTH2
YOX1;YAR009C
YOX1;YBR056W
YOX1;YDL124W
YOX1;YEL073C
YOX1;IGD1
YOX1;ARI1
YOX1;YHL049C
YOX1;YLL066C
YOX1;YLL067C
YOX1;YLR050C
YOX1;YML133C
YOX1;YPR002C-A
YOX1;YRF1-1
YOX1;YRF1-3
YOX1;YRF1-6
YOX1;YRF1-7
YOX1;YCR018C-A
YOX1;SED1
YOX1;RCK1
YOX1;UTH1
YOX1;IZH3
YOX1;PIG1
YOX1;MFA2
YOX1;TSC10
YOX1;PCL2
YOX1;SNQ2
YOX1;TOF1
YOX1;KIN4
YOX1;MET1
YOX1;SIT1
YRR1;APD1
YRR1;AZR1
YRR1;FLR1
YRR1;PLB1
YRR1;SFK1
YRR1;SNG1
YRR1;SNQ2
YRR1;YGR035C
YRR1;YLL056C
YRR1;YLR179C
YRR1;CIS1
YRR1;YOR1
YRR1;MDJ1
YRR1;YAT1
YRR1;PAN1
YRR1;RTS3
YRR1;BMH1
YRR1;ATG22
YRR1;GRX3
YRR1;YOX1
YRR1;RHO5
YRR1;YLR108C
YRR1;ERG11
YRR1;ALD6
YRR1;HRP1
YRR1;CAP1
YRR1;CWP1
YRR1;CDC19
YRR1;DUR1,2
YRR1;SIT4
YRR1;GPI8
YRR1;SER3
YRR1;MIC19
YRR1;MAD1
YRR1;RPL9A
YRR1;UTP22
YRR1;PCL5
YRR1;NMA1
YRR1;IMD4
YRR1;UFO1
YRR1;EIS1
YRR1;RSN1
YRR1;YKU70
YRR1;UBP15
YRR1;MLS1
YRR1;ARE2
YRR1;ZEO1
YRR1;PDR10
YRR1;CAM1
YRR1;RPC82
ZAP1;ADH4
ZAP1;COS1
ZAP1;COS6
ZAP1;YJL055W
ZAP1;ZRT3
ZAP1;RTC4
ZAP1;YOR387C
ZAP1;ZRT1
ZAP1;ZRT2
ZAP1;TSA1
ZAP1;HSP26
ZAP1;TIS11
ZAP1;PAU10
ZAP1;PAU6
ZAP1;ATG9
ZAP1;AIM7
ZAP1;PRB1
ZAP1;SED1
ZAP1;UBX6
ZAP1;HPF1
ZAP1;PAH1
ZAP1;ZAP1
OPI1;INO1
OPI1;ITR1
OPI1;FAS2
OPI1;CHO2
FHL1;RPS10A
FHL1;RPL27B
FHL1;RPL12A
FHL1;RPL28
FHL1;YBR116C
FHL1;TKL2
FHL1;NTC20
FHL1;AAC1
FHL1;PNS1
FHL1;TGL2
FHL1;ADR1
FHL1;BUB2
FHL1;COX20
FHL1;ESBP6
FHL1;FMP40
FHL1;GAC1
FHL1;GIC2
FHL1;GUT2
FHL1;KNS1
FHL1;NCA3
FHL1;PUT4
FHL1;RIM4
FHL1;RMI1
FHL1;ROX1
FHL1;SNA3
FHL1;SPO73
FHL1;TPO2
FHL1;XBP1
FHL1;YBR085C-A
FHL1;YET3
FHL1;ARA2
FHL1;YMR181C
FHL1;USV1
FHL1;PCK1
FHL1;TFS1
FHL1;YBR219C
FHL1;YHR033W
FHL1;FLO9
FHL1;MUS81
IFH1;RPS10A
IFH1;RPL27B
IFH1;RPL12A
IFH1;RPL28
ARR1;SRL2
ARR1;GDH3
ADR1;ECM1
ADR1;YAT1
ADR1;TIP1
ADR1;HXK1
ADR1;PPT1
ADR1;SDA1
ADR1;YLR252W
ADR1;TRM11
ADR1;RPA135
ADR1;ALD6
ADR1;GAC1
ADR1;PDR8
ADR1;ICY1
ADR1;PAU4
ADR1;SWI1
ADR1;BAT2
ADR1;RTS3
ADR1;FSF1
ADR1;PRB1
ADR1;NMA1
ADR1;CUS1
ADR1;IZH4
ADR1;ICL1
ADR1;BOP2
ADR1;MDH2
ADR1;MLS1
CST6;CMD1
CST6;MRPS5
CST6;YDL096C
CST6;VPS74
CST6;FRQ1
CST6;YRF1-2
CST6;RPS4A
CST6;YAR010C
CST6;YPR063C
CST6;PCK1
CST6;SRL1
CST6;HYP2
CST6;ENV9
CST6;TIM23
GAL80;GAL1
HAL9;YJR011C
HAL9;YHB1
HMS2;BAT2
MAL33;GDH3
MAL33;YRF1-2
MAL33;YFL066C
MAL33;YHL050C
MAL33;IRR1
MAL33;YMR279C
MAL33;UFE1
MGA1;COG5
MGA1;RHO5
MGA1;RSM10
MGA1;THG1
MGA1;HNT3
MGA1;SFG1
MGA1;CIS1
MGA1;MAS1
MGA1;LYS5
MGA1;YBR056W
MGA1;PDR17
MGA1;SWC4
MGA1;DCG1
MGA1;HTB2
RDS1;AAD3
RDS1;RDS1
RGM1;MSR1
RGM1;YRF1-7
STB5;MFB1
STB5;HEM1
STB5;YKL177W
STB5;SCS7
STB5;BMH1
STB5;FYV12
STB5;POR1
STB5;YPR015C
STB5;STP3
STB5;SNA2
STB5;HMLALPHA1
STB5;UTH1
STB5;HOM2
STB5;GND1
STB5;TAL1
STB5;YAP1801
STB5;SCW4
STB5;YGL072C
STB5;RPE1
STB5;WSC2
STB5;BAT2
STB5;GGC1
STB5;SDS23
STB5;RME1
STB5;UTR4
STB5;TUB4
STB5;STB5
UGA3;RFA2
UGA3;TFB2
YAP3;VPS4
YAP3;MTC3
YAP7;CYS3
YAP7;YHB1
YAP7;TDH1
YAP7;ALO1
YAP7;TDA7
YAP7;YAP7
RDS2;PRB1
RDS2;PET9
RDS2;ERG3
RDS2;UTH1
RDS2;GIS1
RDS2;TIP1
RDS2;SED1
RDS2;BAT2
RDS2;ATP2
RDS2;ISF1
RDS2;PTR2
RDS2;LPX1
RDS2;IXR1
YAP6;GAP1
YAP6;HSC82
YAP6;YDR262W
YAP6;GYL1
YAP6;SWI1
YAP6;MOT3
YAP6;PRR2
YAP6;RMA1
HMS1;PMP1
RTG1;RTR1
RTG1;TOR2
YRM1;ICT1
YRM1;HMS2
YRM1;ACS1
YRM1;PFF1
YRM1;YBP1
YRM1;PHO89
YRM1;ATG22
YRM1;PAT1
YRM1;MRX9
YRM1;MPS1
YRM1;CLB3
YRM1;ADY3
YRM1;SOK1
YRM1;ENA5
YRM1;PPH3
YRM1;YDR094W
YRM1;ESF1
YRM1;GEA2
YRM1;TMN3
YRM1;IES1
YRM1;FRS2
YRM1;YFR006W
YRM1;MIC19
YRM1;IOC3
YRM1;SAP155
YRM1;TIF4632
YRM1;TAF6
YRM1;RPL9A
YRM1;YGL193C
YRM1;UTP22
YRM1;YHR020W
YRM1;MAS2
YRM1;KEL1
YRM1;YIL055C
YRM1;AVT7
YRM1;VHS2
YRM1;PFD1
YRM1;RFC2
YRM1;RMA1
YRM1;TRK2
YRM1;DNM1
YRM1;DRS1
YRM1;IZH3
YRM1;BOS1
YRM1;YLR126C
YRM1;YLR202C
YRM1;YLR278C
YRM1;CDC3
YRM1;NMA1
YRM1;RPS25B
YRM1;STE23
YRM1;UNG1
YRM1;CYB2
YRM1;IMD4
YRM1;YML108W
YRM1;ERO1
YRM1;EIS1
YRM1;NAM7
YRM1;MUB1
YRM1;YMR119W-A
YRM1;ERG29
YRM1;NDE1
YRM1;ERG12
YRM1;RNA1
YRM1;YMR253C
YRM1;ADE4
YRM1;UBP15
YRM1;CRZ1
YRM1;BOP3
YRM1;MSK1
YRM1;MLS1
YRM1;SEC2
YRM1;CLA4
YRM1;SKP2
YRM1;ARE2
YRM1;RAT1
YRM1;SKI7
YRM1;RPO31
YRM1;LCB4
YRM1;NOC2
YRM1;MGM1
YRM1;MKK1
YRM1;NAT5
YRM1;PNT1
YRM1;PDH1
YRM1;CUR1
STB4;ERJ5
WTM1;VPS38
URC2;FUR1
URC2;YBR137W
ERT1;PHD1
ERT1;QCR6
OAF3;CUP9
OAF3;PRE5
OAF3;ASK1
OAF3;OPI10
OAF3;SCS7
OAF3;POT1
OAF3;CTA1
TUP1;MNT4
TUP1;YLR402W
TUP1;YDR215C
TUP1;YEL045C
TUP1;RRT5
TUP1;BSC1
TUP1;TIM21
TUP1;HIS1
TUP1;RPL28
TUP1;YJR146W
TUP1;TYE7
TUP1;FCY2
TUP1;IPT1
TUP1;RPS1A
TUP1;PRM5
TUP1;SIM1
TUP1;YDR134C
TUP1;FRS2
TUP1;YDL228C
TUP1;ERC1
TUP1;RPL13B
TUP1;AGP1
TUP1;RPL27A
TUP1;RPS28B
TUP1;RPL9B
TUP1;RPL16B
TUP1;YAR028W
TUP1;FBA1
TUP1;PDC1
TUP1;YLR076C
TUP1;RPL20A
TUP1;OCA5
TUP1;RPL14B
TUP1;NAB3
TUP1;STE2
TUP1;ENB1
TUP1;RPS8A
TUP1;RPS2
TUP1;RPL8B
TUP1;YJL225C
TUP1;FAS2
TUP1;RPS6B
TUP1;RPL3
TUP1;RPL8A
TUP1;ESL2
TUP1;RPS15
TUP1;RPL30
TUP1;RPS4B
TUP1;TEF2
TUP1;RPL11B
TUP1;SRM1
TUP1;VMA1
SMP1;SMP1
